season,round,board,white,rating_w,black,rating_b,result,winner,sched_time,team_w,team_b,gp_w,gp_b,team_res_w,team_res_b,match
13,1,1,ErinYu,2276,mn8,2264,½½,draw,07/04 00:00,Alekhine Think of Is Mate,‾\_(ツ)_/‾,4.5,1.5,win,loss,Alekhine Think of Is Mate vs ‾\_(ツ)_/‾
13,1,2,bufferunderrun,1983,GnarlyGoat,1949,10,black,07/05 11:30,‾\_(ツ)_/‾,Alekhine Think of Is Mate,1.5,4.5,loss,win,‾\_(ツ)_/‾ vs Alekhine Think of Is Mate
13,1,3,VicPez,1879,Lynnpv,1852,10,white,07/03 15:00,Alekhine Think of Is Mate,‾\_(ツ)_/‾,4.5,1.5,win,loss,Alekhine Think of Is Mate vs ‾\_(ツ)_/‾
13,1,4,Seb32,1719,TCGRIF,1737,10,black,07/06 00:01,‾\_(ツ)_/‾,Alekhine Think of Is Mate,1.5,4.5,loss,win,‾\_(ツ)_/‾ vs Alekhine Think of Is Mate
13,1,5,dose7781,1682,Tsatsa64,1661,01,black,07/06 15:00,Alekhine Think of Is Mate,‾\_(ツ)_/‾,4.5,1.5,win,loss,Alekhine Think of Is Mate vs ‾\_(ツ)_/‾
13,1,6,Zher0,1568,joecupojoe,1416,10,black,07/03 14:00,‾\_(ツ)_/‾,Alekhine Think of Is Mate,1.5,4.5,loss,win,‾\_(ツ)_/‾ vs Alekhine Think of Is Mate
13,1,1,FischyVishy,2205,rosagris,2085,10,white,07/07 11:00,Sac It and See,Pawn Stars,5.5,0.5,win,loss,Sac It and See vs Pawn Stars
13,1,2,InfernalJumble,1928,somethingpretentious,2019,10,black,07/08 19:00,Pawn Stars,Sac It and See,0.5,5.5,loss,win,Pawn Stars vs Sac It and See
13,1,3,SpiteKnight,1811,EmptySet2,1784,½½,draw,07/08 20:00,Sac It and See,Pawn Stars,5.5,0.5,win,loss,Sac It and See vs Pawn Stars
13,1,4,david-innes,1805,DracoxVitae,1771,10,black,07/08 21:00,Pawn Stars,Sac It and See,0.5,5.5,loss,win,Pawn Stars vs Sac It and See
13,1,5,lakinwecker,1708,greenkingwashere,1626,10,white,07/07 20:00,Sac It and See,Pawn Stars,5.5,0.5,win,loss,Sac It and See vs Pawn Stars
13,1,6,KaasHonijn,1417,Khidal,1606,10,black,07/04 18:00,Pawn Stars,Sac It and See,0.5,5.5,loss,win,Pawn Stars vs Sac It and See
13,1,1,twobe,2128,Woenzelaar,2064,01,black,07/02 13:30,Preparation H-File,Baked-a-Lasker,3,3,draw,draw,Preparation H-File vs Baked-a-Lasker
13,1,2,paolone,1998,Grzybozbur,2009,10,black,07/08 19:30,Baked-a-Lasker,Preparation H-File,3,3,draw,draw,Baked-a-Lasker vs Preparation H-File
13,1,3,JonathanCoffin,1908,Wolf21,1811,10,white,07/03 20:00,Preparation H-File,Baked-a-Lasker,3,3,draw,draw,Preparation H-File vs Baked-a-Lasker
13,1,4,avas_goridze,1858,notmyjob88,1708,10,black,07/07 22:00,Baked-a-Lasker,Preparation H-File,3,3,draw,draw,Baked-a-Lasker vs Preparation H-File
13,1,5,Showboater,1668,colwem,1677,01,black,07/08 19:30,Preparation H-File,Baked-a-Lasker,3,3,draw,draw,Preparation H-File vs Baked-a-Lasker
13,1,6,nategreene,1596,abneric,1279,01,white,07/05 14:00,Baked-a-Lasker,Preparation H-File,3,3,draw,draw,Baked-a-Lasker vs Preparation H-File
13,1,1,nimzovit,2111,Pushedpawn,2054,0F1X,forfeit/unplayed,07/07 07:30,poisoned chess,Yas-Sir,3,3,draw,draw,poisoned chess vs Yas-Sir
13,1,2,steili,1913,IzoRyu,1980,10,black,07/04 16:00,Yas-Sir,poisoned chess,3,3,draw,draw,Yas-Sir vs poisoned chess
13,1,3,TheRatRiverTrapper,1898,Juke_3,1837,½Z½Z,forfeit/unplayed,"",poisoned chess,Yas-Sir,3,3,draw,draw,poisoned chess vs Yas-Sir
13,1,4,GogoYubari,1794,rampichino,1792,½½,draw,07/05 19:00,Yas-Sir,poisoned chess,3,3,draw,draw,Yas-Sir vs poisoned chess
13,1,5,izzie26,1665,Luci_Bunny,1696,01,black,07/08 19:00,poisoned chess,Yas-Sir,3,3,draw,draw,poisoned chess vs Yas-Sir
13,1,6,Alkibiades1,1494,Kraaft,1544,1X0F,forfeit/unplayed,07/08 17:00,Yas-Sir,poisoned chess,3,3,draw,draw,Yas-Sir vs poisoned chess
13,1,1,eie24,2074,vgd123,2147,½½,draw,07/07 16:00,Castle Long And Prosper,Kings and Queens and Guillotines,1.5,4.5,loss,win,Castle Long And Prosper vs Kings and Queens and Guillotines
13,1,2,krispl,1916,checkmonk,1927,01,white,07/08 19:30,Kings and Queens and Guillotines,Castle Long And Prosper,4.5,1.5,win,loss,Kings and Queens and Guillotines vs Castle Long And Prosper
13,1,3,jitre,1856,GetAGripWhitby,1890,01,black,07/07 16:00,Castle Long And Prosper,Kings and Queens and Guillotines,1.5,4.5,loss,win,Castle Long And Prosper vs Kings and Queens and Guillotines
13,1,4,mekumcu,1751,Forhavu,1783,01,white,07/08 02:00,Kings and Queens and Guillotines,Castle Long And Prosper,4.5,1.5,win,loss,Kings and Queens and Guillotines vs Castle Long And Prosper
13,1,5,Litzr,1590,pauix,1660,01,black,07/07 16:00,Castle Long And Prosper,Kings and Queens and Guillotines,1.5,4.5,loss,win,Castle Long And Prosper vs Kings and Queens and Guillotines
13,1,6,benlonnqvist,1556,lez314,1538,10,black,07/05 17:00,Kings and Queens and Guillotines,Castle Long And Prosper,4.5,1.5,win,loss,Kings and Queens and Guillotines vs Castle Long And Prosper
13,1,1,LUKARAHTRATGNATBC,2228,mariuseg,2127,10,white,07/08 17:30,With Compensation,We Are Girl from Egypt,2.5,3.5,loss,win,With Compensation vs We Are Girl from Egypt
13,1,2,toni4127,1909,dauthdaert,1933,10,black,07/06 03:00,We Are Girl from Egypt,With Compensation,3.5,2.5,win,loss,We Are Girl from Egypt vs With Compensation
13,1,3,atil4,1867,Zimny_Toster,1884,01,black,07/08 09:00,With Compensation,We Are Girl from Egypt,2.5,3.5,loss,win,With Compensation vs We Are Girl from Egypt
13,1,4,MattyB,1796,blackleaf,1737,0F1X,forfeit/unplayed,07/06 23:00,We Are Girl from Egypt,With Compensation,3.5,2.5,win,loss,We Are Girl from Egypt vs With Compensation
13,1,5,CarlosMagnussen,1684,tworivers,1667,½½,draw,07/07 20:00,With Compensation,We Are Girl from Egypt,2.5,3.5,loss,win,With Compensation vs We Are Girl from Egypt
13,1,6,rhohit,1478,mixxanber,1478,01,white,07/08 14:00,We Are Girl from Egypt,With Compensation,3.5,2.5,win,loss,We Are Girl from Egypt vs With Compensation
13,1,1,Justlikemusic,2207,yago666,2063,10,white,07/04 20:00,Flying Mates,Team 16,4.5,1.5,win,loss,Flying Mates vs Team 16
13,1,2,TMaus,2006,vadsamoht,1915,10,black,07/05 19:00,Team 16,Flying Mates,1.5,4.5,loss,win,Team 16 vs Flying Mates
13,1,3,dctrip13,1897,JJPlayz,1802,1X0F,forfeit/unplayed,07/08 20:00,Flying Mates,Team 16,4.5,1.5,win,loss,Flying Mates vs Team 16
13,1,4,Rolihlahla,1809,MK91,1737,½½,draw,07/07 12:00,Team 16,Flying Mates,1.5,4.5,loss,win,Team 16 vs Flying Mates
13,1,5,FiveKnights,1713,MilsBees,1630,10,white,07/08 18:00,Flying Mates,Team 16,4.5,1.5,win,loss,Flying Mates vs Team 16
13,1,6,grantoldham,1579,Kalandra,1296,01,white,07/05 22:00,Team 16,Flying Mates,1.5,4.5,loss,win,Team 16 vs Flying Mates
13,1,1,Sonata2,2245,hicetnunc,2104,10,white,07/04 19:00,Release the Karjakin,Summer Pawns,3,3,draw,draw,Release the Karjakin vs Summer Pawns
13,1,2,isaypotato,1981,S3pp,1933,10,black,07/08 20:30,Summer Pawns,Release the Karjakin,3,3,draw,draw,Summer Pawns vs Release the Karjakin
13,1,3,rgpchesspe,1860,phantom567459,1834,10,white,07/05 01:00,Release the Karjakin,Summer Pawns,3,3,draw,draw,Release the Karjakin vs Summer Pawns
13,1,4,juped,1734,Scarff,1804,01,white,07/04 17:00,Summer Pawns,Release the Karjakin,3,3,draw,draw,Summer Pawns vs Release the Karjakin
13,1,5,Lukhas,1677,glbert,1679,01,black,07/04 18:00,Release the Karjakin,Summer Pawns,3,3,draw,draw,Release the Karjakin vs Summer Pawns
13,1,6,rsava,1400,Donkey-Kong16,1372,01,white,07/08 20:00,Summer Pawns,Release the Karjakin,3,3,draw,draw,Summer Pawns vs Release the Karjakin
13,1,1,badplayer_CM,2150,Ryune,2060,01,black,07/08 18:00,Blockaders,"To be, or not b2",1,5,loss,win,"Blockaders vs To be, or not b2"
13,1,2,roso97,1932,lenguyenthanh,1907,½½,draw,07/08 13:00,"To be, or not b2",Blockaders,5,1,win,loss,"To be, or not b2 vs Blockaders"
13,1,3,WO_Schrodinger,1890,Veryance,1871,01,black,07/04 02:00,Blockaders,"To be, or not b2",1,5,loss,win,"Blockaders vs To be, or not b2"
13,1,4,sgis,1785,RodrigoDiazdeVivar,1734,½½,draw,07/07 13:00,"To be, or not b2",Blockaders,5,1,win,loss,"To be, or not b2 vs Blockaders"
13,1,5,Tranzoo,1665,Napoleon_Solo,1699,01,black,07/08 14:00,Blockaders,"To be, or not b2",1,5,loss,win,"Blockaders vs To be, or not b2"
13,1,6,perdhapley,1567,phmalek,1406,01,white,07/03 20:30,"To be, or not b2",Blockaders,5,1,win,loss,"To be, or not b2 vs Blockaders"
13,1,1,ahmt92,2093,KFerapont,2052,01,black,07/07 12:00,Gang Of Dark Squares,Bend it like Larsen,3,3,draw,draw,Gang Of Dark Squares vs Bend it like Larsen
13,1,2,WhiteD4ath,1972,arbisto,1990,01,white,07/07 19:00,Bend it like Larsen,Gang Of Dark Squares,3,3,draw,draw,Bend it like Larsen vs Gang Of Dark Squares
13,1,3,FilP,1821,dinomoomoo,1818,10,white,07/06 13:00,Gang Of Dark Squares,Bend it like Larsen,3,3,draw,draw,Gang Of Dark Squares vs Bend it like Larsen
13,1,4,stefalyosha,1723,garfield1980,1774,10,black,07/07 16:00,Bend it like Larsen,Gang Of Dark Squares,3,3,draw,draw,Bend it like Larsen vs Gang Of Dark Squares
13,1,5,Brundd,1639,Drotciv,1646,10,white,07/04 15:00,Gang Of Dark Squares,Bend it like Larsen,3,3,draw,draw,Gang Of Dark Squares vs Bend it like Larsen
13,1,6,JuanSnow,1485,rliu347,1576,01,white,07/07 13:00,Bend it like Larsen,Gang Of Dark Squares,3,3,draw,draw,Bend it like Larsen vs Gang Of Dark Squares
13,1,1,lovlas,2473,chessryo,2111,1X0F,forfeit/unplayed,07/06 11:10,Mommy Drinks because you play the Dutch,Smashing Pawns,3,3,draw,draw,Mommy Drinks because you play the Dutch vs Smashing Pawns
13,1,2,PGSankar,1975,tuncaboylu,1921,10,black,07/06 12:00,Smashing Pawns,Mommy Drinks because you play the Dutch,3,3,draw,draw,Smashing Pawns vs Mommy Drinks because you play the Dutch
13,1,3,phild159,1872,stinsonite,1868,10,white,07/04 15:30,Mommy Drinks because you play the Dutch,Smashing Pawns,3,3,draw,draw,Mommy Drinks because you play the Dutch vs Smashing Pawns
13,1,4,Lethgo,1787,shetoo,1803,01,white,07/04 17:10,Smashing Pawns,Mommy Drinks because you play the Dutch,3,3,draw,draw,Smashing Pawns vs Mommy Drinks because you play the Dutch
13,1,5,gokuba,1662,fismoluni,1683,01,black,07/02 18:30,Mommy Drinks because you play the Dutch,Smashing Pawns,3,3,draw,draw,Mommy Drinks because you play the Dutch vs Smashing Pawns
13,1,6,jakeboxer,1379,Acer30,1371,01,white,07/06 00:00,Smashing Pawns,Mommy Drinks because you play the Dutch,3,3,draw,draw,Smashing Pawns vs Mommy Drinks because you play the Dutch
13,1,1,Jfayne,2206,Lelouch_Vi_Brittania,2163,½½,draw,07/02 18:30,pragnananananananana-batman!,"Don't think twice, it's alright",2.5,3.5,loss,win,"pragnananananananana-batman! vs Don't think twice, it's alright"
13,1,2,gcedw2001,1915,chennis,1922,1X0F,forfeit/unplayed,07/05 18:00,"Don't think twice, it's alright",pragnananananananana-batman!,3.5,2.5,win,loss,"Don't think twice, it's alright vs pragnananananananana-batman!"
13,1,3,LostEarthworm,1886,Seafoam,1808,10,white,07/07 22:00,pragnananananananana-batman!,"Don't think twice, it's alright",2.5,3.5,loss,win,"pragnananananananana-batman! vs Don't think twice, it's alright"
13,1,4,OutdoorTree,1718,Anarschi,1728,01,white,07/07 16:00,"Don't think twice, it's alright",pragnananananananana-batman!,3.5,2.5,win,loss,"Don't think twice, it's alright vs pragnananananananana-batman!"
13,1,5,RealRobbert,1691,dmavro,1715,01,black,07/02 19:00,pragnananananananana-batman!,"Don't think twice, it's alright",2.5,3.5,loss,win,"pragnananananananana-batman! vs Don't think twice, it's alright"
13,1,6,DeaArthur,1180,Board_13,1537,01,white,07/08 19:00,"Don't think twice, it's alright",pragnananananananana-batman!,3.5,2.5,win,loss,"Don't think twice, it's alright vs pragnananananananana-batman!"
13,1,1,Axp156,2016,FlokiTheCat,2113,10,white,07/05 19:00,Schrödinger's Sacrifice,This ain't a scene it is a goddamn pawn race,3,3,draw,draw,Schrödinger's Sacrifice vs This ain't a scene it is a goddamn pawn race
13,1,2,OuterHeaven92,1982,rapiplay,1989,½½,draw,07/03 16:00,This ain't a scene it is a goddamn pawn race,Schrödinger's Sacrifice,3,3,draw,draw,This ain't a scene it is a goddamn pawn race vs Schrödinger's Sacrifice
13,1,3,jg777,1917,wpruitt14,1816,10,white,07/04 01:00,Schrödinger's Sacrifice,This ain't a scene it is a goddamn pawn race,3,3,draw,draw,Schrödinger's Sacrifice vs This ain't a scene it is a goddamn pawn race
13,1,4,maxivgc,1691,Delpire,1738,01,white,07/08 14:00,This ain't a scene it is a goddamn pawn race,Schrödinger's Sacrifice,3,3,draw,draw,This ain't a scene it is a goddamn pawn race vs Schrödinger's Sacrifice
13,1,5,oddskill,1677,HighonPotnuse,1633,½½,draw,07/05 14:00,Schrödinger's Sacrifice,This ain't a scene it is a goddamn pawn race,3,3,draw,draw,Schrödinger's Sacrifice vs This ain't a scene it is a goddamn pawn race
13,1,6,Lalaze,1549,Vevochi,978,01,white,07/06 19:00,This ain't a scene it is a goddamn pawn race,Schrödinger's Sacrifice,3,3,draw,draw,This ain't a scene it is a goddamn pawn race vs Schrödinger's Sacrifice
13,2,1,mariuseg,2119,FischyVishy,2220,10,white,07/12 17:00,We Are Girl from Egypt,Sac It and See,2,4,loss,win,We Are Girl from Egypt vs Sac It and See
13,2,2,somethingpretentious,2027,toni4127,1892,01,white,07/15 19:00,Sac It and See,We Are Girl from Egypt,4,2,win,loss,Sac It and See vs We Are Girl from Egypt
13,2,3,Thylastpenguin,1841,SpiteKnight,1810,01,black,07/11 13:00,We Are Girl from Egypt,Sac It and See,2,4,loss,win,We Are Girl from Egypt vs Sac It and See
13,2,4,DracoxVitae,1784,Suicune,1784,01,white,07/15 21:00,Sac It and See,We Are Girl from Egypt,4,2,win,loss,Sac It and See vs We Are Girl from Egypt
13,2,5,tworivers,1668,lakinwecker,1707,01,black,07/13 00:30,We Are Girl from Egypt,Sac It and See,2,4,loss,win,We Are Girl from Egypt vs Sac It and See
13,2,6,clak90,1574,rhohit,1448,10,black,07/15 16:00,Sac It and See,We Are Girl from Egypt,4,2,win,loss,Sac It and See vs We Are Girl from Egypt
13,2,1,Ryune,2080,Mole_Creature,2290,½½,draw,07/14 19:00,"To be, or not b2",Flying Mates,2.5,3.5,loss,win,"To be, or not b2 vs Flying Mates"
13,2,2,vadsamoht,1929,roso97,1931,½½,draw,07/12 20:30,Flying Mates,"To be, or not b2",3.5,2.5,win,loss,"Flying Mates vs To be, or not b2"
13,2,3,Veryance,1900,dctrip13,1897,01,black,07/13 03:00,"To be, or not b2",Flying Mates,2.5,3.5,loss,win,"To be, or not b2 vs Flying Mates"
13,2,4,superevans,1724,sgis,1775,01,white,07/12 13:00,Flying Mates,"To be, or not b2",3.5,2.5,win,loss,"Flying Mates vs To be, or not b2"
13,2,5,Napoleon_Solo,1709,FiveKnights,1746,½½,draw,07/15 14:00,"To be, or not b2",Flying Mates,2.5,3.5,loss,win,"To be, or not b2 vs Flying Mates"
13,2,6,Kalandra,1256,perdhapley,1563,10,black,07/11 15:00,Flying Mates,"To be, or not b2",3.5,2.5,win,loss,"Flying Mates vs To be, or not b2"
13,2,1,vgd123,2162,nimzovit,2121,1X0F,forfeit/unplayed,07/11 20:00,Kings and Queens and Guillotines,poisoned chess,3.5,2.5,win,loss,Kings and Queens and Guillotines vs poisoned chess
13,2,2,IzoRyu,1993,krispl,1927,10,black,07/13 17:00,poisoned chess,Kings and Queens and Guillotines,2.5,3.5,loss,win,poisoned chess vs Kings and Queens and Guillotines
13,2,3,Zimny_Toster,1907,TheRatRiverTrapper,1898,10,white,07/12 17:00,Kings and Queens and Guillotines,poisoned chess,3.5,2.5,win,loss,Kings and Queens and Guillotines vs poisoned chess
13,2,4,rampichino,1796,AvocadoPost,1752,01,white,07/10 16:30,poisoned chess,Kings and Queens and Guillotines,2.5,3.5,loss,win,poisoned chess vs Kings and Queens and Guillotines
13,2,5,pauix,1669,izzie26,1644,½½,draw,07/14 08:00,Kings and Queens and Guillotines,poisoned chess,3.5,2.5,win,loss,Kings and Queens and Guillotines vs poisoned chess
13,2,6,Kraaft,1544,benlonnqvist,1536,0F1X,forfeit/unplayed,07/14 10:00,poisoned chess,Kings and Queens and Guillotines,2.5,3.5,loss,win,poisoned chess vs Kings and Queens and Guillotines
13,2,1,Lelouch_Vi_Brittania,2164,s2004k1993,2161,01,black,07/12 14:00,"Don't think twice, it's alright",Alekhine Think of Is Mate,3,3,draw,draw,"Don't think twice, it's alright vs Alekhine Think of Is Mate"
13,2,2,GnarlyGoat,1961,HoudinicisMedicis,2037,10,black,07/15 10:00,Alekhine Think of Is Mate,"Don't think twice, it's alright",3,3,draw,draw,"Alekhine Think of Is Mate vs Don't think twice, it's alright"
13,2,3,seafoam,1796,VicPez,1889,0F1X,forfeit/unplayed,"","Don't think twice, it's alright",Alekhine Think of Is Mate,3,3,draw,draw,"Don't think twice, it's alright vs Alekhine Think of Is Mate"
13,2,4,TCGRIF,1747,dmavro,1731,1X0F,forfeit/unplayed,07/15 20:00,Alekhine Think of Is Mate,"Don't think twice, it's alright",3,3,draw,draw,"Alekhine Think of Is Mate vs Don't think twice, it's alright"
13,2,5,OutdoorTree,1732,dose7781,1663,10,white,07/14 22:00,"Don't think twice, it's alright",Alekhine Think of Is Mate,3,3,draw,draw,"Don't think twice, it's alright vs Alekhine Think of Is Mate"
13,2,6,joecupojoe,1432,DeaArthur,1202,01,white,07/11 23:50,Alekhine Think of Is Mate,"Don't think twice, it's alright",3,3,draw,draw,"Alekhine Think of Is Mate vs Don't think twice, it's alright"
13,2,1,woenzelaar,2087,swagquark,2031,0F1X,forfeit/unplayed,07/14 19:00,Baked-a-Lasker,Mommy Drinks because you play the Dutch,3,3,draw,draw,Baked-a-Lasker vs Mommy Drinks because you play the Dutch
13,2,2,tuncaboylu,1939,paolone,1986,½½,draw,07/13 13:00,Mommy Drinks because you play the Dutch,Baked-a-Lasker,3,3,draw,draw,Mommy Drinks because you play the Dutch vs Baked-a-Lasker
13,2,3,avas_goridze,1848,phild159,1858,01,black,07/11 18:00,Baked-a-Lasker,Mommy Drinks because you play the Dutch,3,3,draw,draw,Baked-a-Lasker vs Mommy Drinks because you play the Dutch
13,2,4,shetoo,1791,Wolf21,1803,1X0F,forfeit/unplayed,07/14 19:00,Mommy Drinks because you play the Dutch,Baked-a-Lasker,3,3,draw,draw,Mommy Drinks because you play the Dutch vs Baked-a-Lasker
13,2,5,colwem,1688,gokuba,1651,½Z½Z,forfeit/unplayed,07/15 18:00,Baked-a-Lasker,Mommy Drinks because you play the Dutch,3,3,draw,draw,Baked-a-Lasker vs Mommy Drinks because you play the Dutch
13,2,6,Acer30,1375,nategreene,1598,10,black,07/13 00:00,Mommy Drinks because you play the Dutch,Baked-a-Lasker,3,3,draw,draw,Mommy Drinks because you play the Dutch vs Baked-a-Lasker
13,2,1,KFerapont,2064,Sonata2,2253,01,black,07/12 18:00,Bend it like Larsen,Release the Karjakin,0.5,5.5,loss,win,Bend it like Larsen vs Release the Karjakin
13,2,2,PatzerNacional,2006,WhiteD4ath,2000,01,white,07/12 16:00,Release the Karjakin,Bend it like Larsen,5.5,0.5,win,loss,Release the Karjakin vs Bend it like Larsen
13,2,3,dinomoomoo,1807,rgpchesspe,1884,½½,draw,07/16 00:00,Bend it like Larsen,Release the Karjakin,0.5,5.5,loss,win,Bend it like Larsen vs Release the Karjakin
13,2,4,Scarff,1792,val1313,1786,01,white,07/11 11:00,Release the Karjakin,Bend it like Larsen,5.5,0.5,win,loss,Release the Karjakin vs Bend it like Larsen
13,2,5,Drotciv,1627,akselm,1699,01,black,07/15 15:30,Bend it like Larsen,Release the Karjakin,0.5,5.5,loss,win,Bend it like Larsen vs Release the Karjakin
13,2,6,Donkey-Kong16,1362,juansnow,1498,0F1X,forfeit/unplayed,07/14 08:30,Release the Karjakin,Bend it like Larsen,5.5,0.5,win,loss,Release the Karjakin vs Bend it like Larsen
13,2,1,supermaths,2114,Axp156,2013,10,white,07/12 19:00,Smashing Pawns,Schrödinger's Sacrifice,4,2,win,loss,Smashing Pawns vs Schrödinger's Sacrifice
13,2,2,rapiplay,1989,RazorSharpOnly,1980,01,white,07/10 20:30,Schrödinger's Sacrifice,Smashing Pawns,2,4,loss,win,Schrödinger's Sacrifice vs Smashing Pawns
13,2,3,stinsonite,1857,jg777,1918,10,white,07/15 11:00,Smashing Pawns,Schrödinger's Sacrifice,4,2,win,loss,Smashing Pawns vs Schrödinger's Sacrifice
13,2,4,Delpire,1726,Lethgo,1803,10,black,07/14 18:00,Schrödinger's Sacrifice,Smashing Pawns,2,4,loss,win,Schrödinger's Sacrifice vs Smashing Pawns
13,2,5,fismoluni,1735,oddskill,1677,10,white,07/12 15:00,Smashing Pawns,Schrödinger's Sacrifice,4,2,win,loss,Smashing Pawns vs Schrödinger's Sacrifice
13,2,6,KaasHonijn,1384,andiandiemacht,1373,01,white,07/11 17:00,Schrödinger's Sacrifice,Smashing Pawns,2,4,loss,win,Schrödinger's Sacrifice vs Smashing Pawns
13,2,1,hicetnunc,2097,ahmt92,2074,½½,draw,07/11 18:30,Summer Pawns,Gang Of Dark Squares,1,5,loss,win,Summer Pawns vs Gang Of Dark Squares
13,2,2,arbisto,1992,isaypotato,1969,01,white,07/15 20:00,Gang Of Dark Squares,Summer Pawns,5,1,win,loss,Gang Of Dark Squares vs Summer Pawns
13,2,3,phantom567459,1825,FilP,1832,½½,draw,07/10 18:00,Summer Pawns,Gang Of Dark Squares,1,5,loss,win,Summer Pawns vs Gang Of Dark Squares
13,2,4,garfield1980,1784,juped,1754,01,white,07/14 10:30,Gang Of Dark Squares,Summer Pawns,5,1,win,loss,Gang Of Dark Squares vs Summer Pawns
13,2,5,glbert,1708,Brundd,1665,01,black,07/13 18:00,Summer Pawns,Gang Of Dark Squares,1,5,loss,win,Summer Pawns vs Gang Of Dark Squares
13,2,6,rliu347,1577,rsava,1406,01,white,07/15 19:00,Gang Of Dark Squares,Summer Pawns,5,1,win,loss,Gang Of Dark Squares vs Summer Pawns
13,2,1,FlokiTheCat,2095,Chaozu,2219,01,black,07/13 18:00,This ain't a scene it is a goddamn pawn race,Preparation H-File,2,4,loss,win,This ain't a scene it is a goddamn pawn race vs Preparation H-File
13,2,2,Grzybozbur,2034,OuterHeaven92,1979,½½,draw,07/13 16:00,Preparation H-File,This ain't a scene it is a goddamn pawn race,4,2,win,loss,Preparation H-File vs This ain't a scene it is a goddamn pawn race
13,2,3,wpruitt14,1812,atil4,1865,½½,draw,07/12 18:00,This ain't a scene it is a goddamn pawn race,Preparation H-File,2,4,loss,win,This ain't a scene it is a goddamn pawn race vs Preparation H-File
13,2,4,notmyjob88,1723,Namulin,1761,0F1X,forfeit/unplayed,07/15 16:00,Preparation H-File,This ain't a scene it is a goddamn pawn race,4,2,win,loss,Preparation H-File vs This ain't a scene it is a goddamn pawn race
13,2,5,HighonPotnuse,1616,Showboater,1646,01,black,07/14 19:30,This ain't a scene it is a goddamn pawn race,Preparation H-File,2,4,loss,win,This ain't a scene it is a goddamn pawn race vs Preparation H-File
13,2,6,abneric,1274,Lalaze,1550,10,black,07/13 14:00,Preparation H-File,This ain't a scene it is a goddamn pawn race,4,2,win,loss,Preparation H-File vs This ain't a scene it is a goddamn pawn race
13,2,1,yago666,2035,LUKARAHTRATGNATBC,2239,01,black,07/15 17:00,Team 16,With Compensation,2,3,loss,draw,Team 16 vs With Compensation
13,2,2,dauthdaert,1946,TMaus,1992,01,white,07/15 19:00,With Compensation,Team 16,3,2,draw,loss,With Compensation vs Team 16
13,2,3,Rolihlahla,1814,LuvGangster,1810,10,white,07/14 20:00,Team 16,With Compensation,2,3,loss,draw,Team 16 vs With Compensation
13,2,4,MattyB,1796,JJPlayz,1802,10,black,07/15 16:00,With Compensation,Team 16,3,2,draw,loss,With Compensation vs Team 16
13,2,5,MSalinas,1694,CarlosMagnussen,1683,0F0F,forfeit/unplayed,07/15 21:00,Team 16,With Compensation,2,3,loss,draw,Team 16 vs With Compensation
13,2,6,mixxanber,1468,grantoldham,1568,01,white,07/14 23:59,With Compensation,Team 16,3,2,draw,loss,With Compensation vs Team 16
13,2,1,rosagris,2077,Aliquantus,2164,01,black,07/15 12:00,Pawn Stars,pragnananananananana-batman!,1.5,4.5,loss,win,Pawn Stars vs pragnananananananana-batman!
13,2,2,chennis,1922,nickoboy1992,1965,10,black,07/15 17:00,pragnananananananana-batman!,Pawn Stars,4.5,1.5,win,loss,pragnananananananana-batman! vs Pawn Stars
13,2,3,EmptySet2,1829,LostEarthworm,1895,½½,draw,07/10 23:59,Pawn Stars,pragnananananananana-batman!,1.5,4.5,loss,win,Pawn Stars vs pragnananananananana-batman!
13,2,4,Anarschi,1716,Ben_Dubuque,1758,01,white,07/11 16:00,pragnananananananana-batman!,Pawn Stars,4.5,1.5,win,loss,pragnananananananana-batman! vs Pawn Stars
13,2,5,greenkingwashere,1614,RealRobbert,1684,01,black,07/11 17:00,Pawn Stars,pragnananananananana-batman!,1.5,4.5,loss,win,Pawn Stars vs pragnananananananana-batman!
13,2,6,pepepibote,1375,Ionsaitheoir,1328,01,white,07/12 00:00,pragnananananananana-batman!,Pawn Stars,4.5,1.5,win,loss,pragnananananananana-batman! vs Pawn Stars
13,2,1,Pushedpawn,2043,eie24,2083,01,black,07/11 08:30,Yas-Sir,Castle Long And Prosper,1,4,loss,win,Yas-Sir vs Castle Long And Prosper
13,2,2,deepaks1,1988,HappyChappy,2031,½½,draw,07/11 09:00,Castle Long And Prosper,Yas-Sir,4,1,win,loss,Castle Long And Prosper vs Yas-Sir
13,2,3,Juke_3,1837,jitre,1831,01,black,07/15 20:00,Yas-Sir,Castle Long And Prosper,1,4,loss,win,Yas-Sir vs Castle Long And Prosper
13,2,4,Forhavu,1771,GogoYubari,1803,½½,draw,07/14 18:30,Castle Long And Prosper,Yas-Sir,4,1,win,loss,Castle Long And Prosper vs Yas-Sir
13,2,5,cloudbox,1609,Tsatsa64,1672,0F1X,forfeit/unplayed,"",Yas-Sir,Castle Long And Prosper,1,4,loss,win,Yas-Sir vs Castle Long And Prosper
13,2,6,lez314,1552,Alkibiades1,1494,0F0F,forfeit/unplayed,"",Castle Long And Prosper,Yas-Sir,4,1,win,loss,Castle Long And Prosper vs Yas-Sir
13,2,1,mn8,2264,badplayer_CM,2135,01,black,07/14 19:00,‾\_(ツ)_/‾,Blockaders,4.5,1.5,win,loss,‾\_(ツ)_/‾ vs Blockaders
13,2,2,lenguyenthanh,1902,bufferunderrun,1969,10,black,07/14 13:00,Blockaders,‾\_(ツ)_/‾,1.5,4.5,loss,win,Blockaders vs ‾\_(ツ)_/‾
13,2,3,Lynnpv,1842,WO_Schrodinger,1879,½½,draw,07/15 14:00,‾\_(ツ)_/‾,Blockaders,4.5,1.5,win,loss,‾\_(ツ)_/‾ vs Blockaders
13,2,4,RodrigoDiazdeVivar,1729,Toffeeman,1718,10,black,07/14 15:00,Blockaders,‾\_(ツ)_/‾,1.5,4.5,loss,win,Blockaders vs ‾\_(ツ)_/‾
13,2,5,Seb32,1709,Tranzoo,1669,10,white,07/15 18:00,‾\_(ツ)_/‾,Blockaders,4.5,1.5,win,loss,‾\_(ツ)_/‾ vs Blockaders
13,2,6,phmalek,1369,Zher0,1551,10,black,07/15 07:00,Blockaders,‾\_(ツ)_/‾,1.5,4.5,loss,win,Blockaders vs ‾\_(ツ)_/‾
13,3,1,FischyVishy,2192,vgd123,2154,10,white,07/19 19:30,Sac It and See,Kings and Queens and Guillotines,4,2,win,loss,Sac It and See vs Kings and Queens and Guillotines
13,3,2,krispl,1939,somethingpretentious,2034,10,black,07/22 19:00,Kings and Queens and Guillotines,Sac It and See,2,4,loss,win,Kings and Queens and Guillotines vs Sac It and See
13,3,3,SpiteKnight,1821,generalleutnant,1899,01,black,07/22 16:00,Sac It and See,Kings and Queens and Guillotines,4,2,win,loss,Sac It and See vs Kings and Queens and Guillotines
13,3,4,mekumcu,1709,DracoxVitae,1795,½½,draw,07/23 01:00,Kings and Queens and Guillotines,Sac It and See,2,4,loss,win,Kings and Queens and Guillotines vs Sac It and See
13,3,5,lakinwecker,1711,pauix,1668,10,white,07/21 15:00,Sac It and See,Kings and Queens and Guillotines,4,2,win,loss,Sac It and See vs Kings and Queens and Guillotines
13,3,6,benlonnqvist,1593,Boomer34,1472,½½,draw,07/18 18:30,Kings and Queens and Guillotines,Sac It and See,2,4,loss,win,Kings and Queens and Guillotines vs Sac It and See
13,3,1,Mole_Creature,2279,Sonata2,2258,01,black,07/18 18:00,Flying Mates,Release the Karjakin,1.5,4.5,loss,win,Flying Mates vs Release the Karjakin
13,3,2,S3pp,1945,vadsamoht,1929,½½,draw,07/22 08:00,Release the Karjakin,Flying Mates,4.5,1.5,win,loss,Release the Karjakin vs Flying Mates
13,3,3,dctrip13,1913,rgpchesspe,1874,01,black,07/22 02:00,Flying Mates,Release the Karjakin,1.5,4.5,loss,win,Flying Mates vs Release the Karjakin
13,3,4,Scarff,1802,superevans,1755,01,white,07/18 13:00,Release the Karjakin,Flying Mates,4.5,1.5,win,loss,Release the Karjakin vs Flying Mates
13,3,5,FiveKnights,1751,Lukhas,1676,01,black,07/22 09:00,Flying Mates,Release the Karjakin,1.5,4.5,loss,win,Flying Mates vs Release the Karjakin
13,3,6,Donkey-Kong16,1362,Kalandra,1246,10,black,07/22 20:00,Release the Karjakin,Flying Mates,4.5,1.5,win,loss,Release the Karjakin vs Flying Mates
13,3,1,ahmt92,2075,supermaths,2123,01,black,07/16 19:00,Gang Of Dark Squares,"Don't think twice, it's alright",2.5,3.5,loss,win,"Gang Of Dark Squares vs Don't think twice, it's alright"
13,3,2,HoudinicisMedicis,2046,arbisto,2002,10,black,07/22 19:00,"Don't think twice, it's alright",Gang Of Dark Squares,3.5,2.5,win,loss,"Don't think twice, it's alright vs Gang Of Dark Squares"
13,3,3,FilP,1832,AlwxR,1839,½½,draw,07/21 15:00,Gang Of Dark Squares,"Don't think twice, it's alright",2.5,3.5,loss,win,"Gang Of Dark Squares vs Don't think twice, it's alright"
13,3,4,OutdoorTree,1780,garfield1980,1794,01,white,07/22 16:00,"Don't think twice, it's alright",Gang Of Dark Squares,3.5,2.5,win,loss,"Don't think twice, it's alright vs Gang Of Dark Squares"
13,3,5,Brundd,1679,dmavro,1748,10,white,07/17 19:00,Gang Of Dark Squares,"Don't think twice, it's alright",2.5,3.5,loss,win,"Gang Of Dark Squares vs Don't think twice, it's alright"
13,3,6,Ionsaitheoir,1373,rliu347,1577,01,white,07/21 13:00,"Don't think twice, it's alright",Gang Of Dark Squares,3.5,2.5,win,loss,"Don't think twice, it's alright vs Gang Of Dark Squares"
13,3,1,s2004k1993,2165,Jfayne,2231,01,black,07/18 15:00,Alekhine Think of Is Mate,Smashing Pawns,3,3,draw,draw,Alekhine Think of Is Mate vs Smashing Pawns
13,3,2,PGSankar,1958,GnarlyGoat,1953,01,white,07/18 11:00,Smashing Pawns,Alekhine Think of Is Mate,3,3,draw,draw,Smashing Pawns vs Alekhine Think of Is Mate
13,3,3,VicPez,1928,stinsonite,1870,10,white,07/18 13:00,Alekhine Think of Is Mate,Smashing Pawns,3,3,draw,draw,Alekhine Think of Is Mate vs Smashing Pawns
13,3,4,Lethgo,1815,TCGRIF,1749,10,black,07/22 18:00,Smashing Pawns,Alekhine Think of Is Mate,3,3,draw,draw,Smashing Pawns vs Alekhine Think of Is Mate
13,3,5,dose7781,1649,fismoluni,1745,10,white,07/18 16:00,Alekhine Think of Is Mate,Smashing Pawns,3,3,draw,draw,Alekhine Think of Is Mate vs Smashing Pawns
13,3,6,Ceramic,1491,joecupojoe,1435,01,white,07/21 16:00,Smashing Pawns,Alekhine Think of Is Mate,3,3,draw,draw,Smashing Pawns vs Alekhine Think of Is Mate
13,3,1,Chaozu,2229,Ryune,2069,10,white,07/22 18:00,Preparation H-File,"To be, or not b2",3,3,draw,draw,"Preparation H-File vs To be, or not b2"
13,3,2,roso97,1931,Grzybozbur,2030,10,black,07/21 21:00,"To be, or not b2",Preparation H-File,3,3,draw,draw,"To be, or not b2 vs Preparation H-File"
13,3,3,PublicRadio,1899,Veryance,1883,01,black,07/19 02:30,Preparation H-File,"To be, or not b2",3,3,draw,draw,"Preparation H-File vs To be, or not b2"
13,3,4,sgis,1763,Boviced,1711,01,white,07/21 12:00,"To be, or not b2",Preparation H-File,3,3,draw,draw,"To be, or not b2 vs Preparation H-File"
13,3,5,maxivgc,1750,Napoleon_Solo,1710,10,white,07/22 14:00,Preparation H-File,"To be, or not b2",3,3,draw,draw,"Preparation H-File vs To be, or not b2"
13,3,6,perdhapley,1552,abneric,1269,01,white,07/20 21:00,"To be, or not b2",Preparation H-File,3,3,draw,draw,"To be, or not b2 vs Preparation H-File"
13,3,1,wookash_888,2262,mn8,2240,10,white,07/21 17:00,pragnananananananana-batman!,‾\_(ツ)_/‾,4.5,1.5,win,loss,pragnananananananana-batman! vs ‾\_(ツ)_/‾
13,3,2,bufferunderrun,1979,chennis,1912,½½,draw,07/19 17:00,‾\_(ツ)_/‾,pragnananananananana-batman!,1.5,4.5,loss,win,‾\_(ツ)_/‾ vs pragnananananananana-batman!
13,3,3,LostEarthworm,1893,Lynnpv,1843,1X0F,forfeit/unplayed,07/22 13:00,pragnananananananana-batman!,‾\_(ツ)_/‾,4.5,1.5,win,loss,pragnananananananana-batman! vs ‾\_(ツ)_/‾
13,3,4,Toffeeman,1729,Anarschi,1739,10,black,07/22 16:00,‾\_(ツ)_/‾,pragnananananananana-batman!,1.5,4.5,loss,win,‾\_(ツ)_/‾ vs pragnananananananana-batman!
13,3,5,RealRobbert,1668,Seb32,1719,10,white,07/20 18:00,pragnananananananana-batman!,‾\_(ツ)_/‾,4.5,1.5,win,loss,pragnananananananana-batman! vs ‾\_(ツ)_/‾
13,3,6,Zher0,1557,ematthie,1460,01,white,07/20 14:00,‾\_(ツ)_/‾,pragnananananananana-batman!,1.5,4.5,loss,win,‾\_(ツ)_/‾ vs pragnananananananana-batman!
13,3,1,LUKARAHTRATGNATBC,2246,Woenzelaar,2087,1X0F,forfeit/unplayed,07/22 17:00,With Compensation,Baked-a-Lasker,2,4,loss,win,With Compensation vs Baked-a-Lasker
13,3,2,paolone,1985,dauthdaert,1962,01,white,07/21 20:00,Baked-a-Lasker,With Compensation,4,2,win,loss,Baked-a-Lasker vs With Compensation
13,3,3,chatakkuma,1828,avas_goridze,1886,10,white,07/21 08:00,With Compensation,Baked-a-Lasker,2,4,loss,win,With Compensation vs Baked-a-Lasker
13,3,4,Wolf21,1803,MattyB,1785,01,white,07/21 17:00,Baked-a-Lasker,With Compensation,4,2,win,loss,Baked-a-Lasker vs With Compensation
13,3,5,CarlosMagnussen,1684,colwem,1688,0F1X,forfeit/unplayed,07/21 14:00,With Compensation,Baked-a-Lasker,2,4,loss,win,With Compensation vs Baked-a-Lasker
13,3,6,nategreene,1613,mixxanber,1487,01,white,07/20 14:00,Baked-a-Lasker,With Compensation,4,2,win,loss,Baked-a-Lasker vs With Compensation
13,3,1,swagquark,2031,ErinYu,2284,01,black,07/22 21:00,Mommy Drinks because you play the Dutch,We Are Girl from Egypt,4,2,win,loss,Mommy Drinks because you play the Dutch vs We Are Girl from Egypt
13,3,2,toni4127,1885,tuncaboylu,1941,10,black,07/18 20:00,We Are Girl from Egypt,Mommy Drinks because you play the Dutch,2,4,loss,win,We Are Girl from Egypt vs Mommy Drinks because you play the Dutch
13,3,3,phild159,1868,Thylastpenguin,1825,10,white,07/18 09:00,Mommy Drinks because you play the Dutch,We Are Girl from Egypt,4,2,win,loss,Mommy Drinks because you play the Dutch vs We Are Girl from Egypt
13,3,4,Dmathman,1758,shetoo,1791,10,black,07/20 14:00,We Are Girl from Egypt,Mommy Drinks because you play the Dutch,2,4,loss,win,We Are Girl from Egypt vs Mommy Drinks because you play the Dutch
13,3,5,gokuba,1649,tworivers,1686,10,white,07/21 14:00,Mommy Drinks because you play the Dutch,We Are Girl from Egypt,4,2,win,loss,Mommy Drinks because you play the Dutch vs We Are Girl from Egypt
13,3,6,rhohit,1491,Acer30,1363,01,white,07/22 15:00,We Are Girl from Egypt,Mommy Drinks because you play the Dutch,2,4,loss,win,We Are Girl from Egypt vs Mommy Drinks because you play the Dutch
13,3,1,eie24,2093,FlokiTheCat,2085,½½,draw,07/17 17:00,Castle Long And Prosper,This ain't a scene it is a goddamn pawn race,4,2,win,loss,Castle Long And Prosper vs This ain't a scene it is a goddamn pawn race
13,3,2,OuterHeaven92,1981,deepaks1,1990,½½,draw,07/18 09:00,This ain't a scene it is a goddamn pawn race,Castle Long And Prosper,2,4,loss,win,This ain't a scene it is a goddamn pawn race vs Castle Long And Prosper
13,3,3,jitre,1845,wpruitt14,1817,10,white,07/21 17:00,Castle Long And Prosper,This ain't a scene it is a goddamn pawn race,4,2,win,loss,Castle Long And Prosper vs This ain't a scene it is a goddamn pawn race
13,3,4,Namulin,1761,Forhavu,1759,01,white,07/22 17:00,This ain't a scene it is a goddamn pawn race,Castle Long And Prosper,2,4,loss,win,This ain't a scene it is a goddamn pawn race vs Castle Long And Prosper
13,3,5,Giampy62,1660,HighonPotnuse,1605,10,white,07/17 18:00,Castle Long And Prosper,This ain't a scene it is a goddamn pawn race,4,2,win,loss,Castle Long And Prosper vs This ain't a scene it is a goddamn pawn race
13,3,6,Lalaze,1554,lez314,1546,10,black,07/19 18:30,This ain't a scene it is a goddamn pawn race,Castle Long And Prosper,2,4,loss,win,This ain't a scene it is a goddamn pawn race vs Castle Long And Prosper
13,3,1,MoistvonLipwig,2239,hicetnunc,2096,10,white,07/21 19:00,poisoned chess,Summer Pawns,4,2,win,loss,poisoned chess vs Summer Pawns
13,3,2,isaypotato,1959,Nytik,2058,1X0F,forfeit/unplayed,07/22 11:00,Summer Pawns,poisoned chess,2,4,loss,win,Summer Pawns vs poisoned chess
13,3,3,jivey,1868,phantom567459,1845,10,white,07/20 00:00,poisoned chess,Summer Pawns,4,2,win,loss,poisoned chess vs Summer Pawns
13,3,4,juped,1739,rampichino,1819,01,white,07/17 20:00,Summer Pawns,poisoned chess,2,4,loss,win,Summer Pawns vs poisoned chess
13,3,5,izzie26,1655,glbert,1690,01,black,07/21 13:00,poisoned chess,Summer Pawns,4,2,win,loss,poisoned chess vs Summer Pawns
13,3,6,pepepibote,1405,Kraaft,1544,10,black,07/22 17:00,Summer Pawns,poisoned chess,2,4,loss,win,Summer Pawns vs poisoned chess
13,3,1,morallygray,2085,Pushedpawn,2033,½½,draw,07/18 11:00,Schrödinger's Sacrifice,Yas-Sir,1.5,4.5,loss,win,Schrödinger's Sacrifice vs Yas-Sir
13,3,2,pioki,1942,rapiplay,2000,10,black,07/17 17:00,Yas-Sir,Schrödinger's Sacrifice,4.5,1.5,win,loss,Yas-Sir vs Schrödinger's Sacrifice
13,3,3,jughandle10,1871,Juke_3,1826,0F1X,forfeit/unplayed,07/20 22:00,Schrödinger's Sacrifice,Yas-Sir,1.5,4.5,loss,win,Schrödinger's Sacrifice vs Yas-Sir
13,3,4,GogoYubari,1802,Delpire,1717,01,white,07/20 19:30,Yas-Sir,Schrödinger's Sacrifice,4.5,1.5,win,loss,Yas-Sir vs Schrödinger's Sacrifice
13,3,5,oddskill,1658,Luci_Bunny,1707,01,black,07/21 15:00,Schrödinger's Sacrifice,Yas-Sir,1.5,4.5,loss,win,Schrödinger's Sacrifice vs Yas-Sir
13,3,6,KaasHonijn,1408,Vevochi,977,01,white,07/21 16:00,Yas-Sir,Schrödinger's Sacrifice,4.5,1.5,win,loss,Yas-Sir vs Schrödinger's Sacrifice
13,3,1,yago666,2065,KFerapont,2058,10,white,07/22 18:00,Team 16,Bend it like Larsen,4.5,1.5,win,loss,Team 16 vs Bend it like Larsen
13,3,2,WhiteD4ath,1976,InfernalJumble,1920,½½,draw,07/19 13:00,Bend it like Larsen,Team 16,1.5,4.5,loss,win,Bend it like Larsen vs Team 16
13,3,3,Rolihlahla,1820,dinomoomoo,1809,01,black,07/20 00:30,Team 16,Bend it like Larsen,4.5,1.5,win,loss,Team 16 vs Bend it like Larsen
13,3,4,david-innes,1793,JJPlayz,1814,10,black,07/21 21:00,Bend it like Larsen,Team 16,1.5,4.5,loss,win,Bend it like Larsen vs Team 16
13,3,5,MilsBees,1645,Drotciv,1611,10,white,07/21 15:30,Team 16,Bend it like Larsen,4.5,1.5,win,loss,Team 16 vs Bend it like Larsen
13,3,6,JuanSnow,1498,grantoldham,1553,10,black,07/19 17:00,Bend it like Larsen,Team 16,1.5,4.5,loss,win,Bend it like Larsen vs Team 16
13,3,1,badplayer_CM,2151,rosagris,2068,10,white,07/19 14:00,Blockaders,Pawn Stars,3,3,draw,draw,Blockaders vs Pawn Stars
13,3,2,nickoboy1992,1975,lenguyenthanh,1896,½½,draw,07/20 15:00,Pawn Stars,Blockaders,3,3,draw,draw,Pawn Stars vs Blockaders
13,3,3,WO_Schrodinger,1878,atil4,1869,½½,draw,07/16 19:30,Blockaders,Pawn Stars,3,3,draw,draw,Blockaders vs Pawn Stars
13,3,4,Ben_Dubuque,1741,RodrigoDiazdeVivar,1718,01,white,07/19 13:00,Pawn Stars,Blockaders,3,3,draw,draw,Pawn Stars vs Blockaders
13,3,5,Tranzoo,1681,greenkingwashere,1603,10,white,07/18 18:00,Blockaders,Pawn Stars,3,3,draw,draw,Blockaders vs Pawn Stars
13,3,6,UpGoerFive,1472,phmalek,1364,0F1X,forfeit/unplayed,07/19 21:00,Pawn Stars,Blockaders,3,3,draw,draw,Pawn Stars vs Blockaders
13,4,1,Lelouch_Vi_Brittania,2151,FischyVishy,2211,½½,draw,07/26 18:30,"Don't think twice, it's alright",Sac It and See,2.5,3.5,loss,win,"Don't think twice, it's alright vs Sac It and See"
13,4,2,somethingpretentious,2043,HoudinicisMedicis,2033,01,white,07/24 19:00,Sac It and See,"Don't think twice, it's alright",3.5,2.5,win,loss,"Sac It and See vs Don't think twice, it's alright"
13,4,3,chatakkuma,1851,SpiteKnight,1813,½½,draw,07/28 06:00,"Don't think twice, it's alright",Sac It and See,2.5,3.5,loss,win,"Don't think twice, it's alright vs Sac It and See"
13,4,4,DracoxVitae,1793,OutdoorTree,1791,10,black,07/29 22:00,Sac It and See,"Don't think twice, it's alright",3.5,2.5,win,loss,"Sac It and See vs Don't think twice, it's alright"
13,4,5,dmavro,1729,lakinwecker,1721,½½,draw,07/25 19:00,"Don't think twice, it's alright",Sac It and See,2.5,3.5,loss,win,"Don't think twice, it's alright vs Sac It and See"
13,4,6,Khidal,1611,DeaArthur,1209,01,white,07/28 20:00,Sac It and See,"Don't think twice, it's alright",3.5,2.5,win,loss,"Sac It and See vs Don't think twice, it's alright"
13,4,1,Sonata2,2270,Aliquantus,2172,01,black,07/30 18:00,Release the Karjakin,pragnananananananana-batman!,2,4,loss,win,Release the Karjakin vs pragnananananananana-batman!
13,4,2,chennis,1913,S3pp,1944,10,black,07/29 20:00,pragnananananananana-batman!,Release the Karjakin,4,2,win,loss,pragnananananananana-batman! vs Release the Karjakin
13,4,3,rgpchesspe,1882,LostEarthworm,1899,½½,draw,07/26 02:30,Release the Karjakin,pragnananananananana-batman!,2,4,loss,win,Release the Karjakin vs pragnananananananana-batman!
13,4,4,Anarschi,1750,Scarff,1811,½½,draw,07/25 14:00,pragnananananananana-batman!,Release the Karjakin,4,2,win,loss,pragnananananananana-batman! vs Release the Karjakin
13,4,5,luckyAra,1648,RealRobbert,1681,01,black,07/24 19:00,Release the Karjakin,pragnananananananana-batman!,2,4,loss,win,Release the Karjakin vs pragnananananananana-batman!
13,4,6,ematthie,1453,Donkey-Kong16,1346,01,white,07/29 20:00,pragnananananananana-batman!,Release the Karjakin,4,2,win,loss,pragnananananananana-batman! vs Release the Karjakin
13,4,1,Chaozu,2237,s2004k1993,2145,10,white,07/28 20:00,Preparation H-File,Alekhine Think of Is Mate,3,3,draw,draw,Preparation H-File vs Alekhine Think of Is Mate
13,4,2,GnarlyGoat,1942,Grzybozbur,2047,10,black,07/29 13:30,Alekhine Think of Is Mate,Preparation H-File,3,3,draw,draw,Alekhine Think of Is Mate vs Preparation H-File
13,4,3,PublicRadio,1885,VicPez,1937,0F1X,forfeit/unplayed,07/26 13:00,Preparation H-File,Alekhine Think of Is Mate,3,3,draw,draw,Preparation H-File vs Alekhine Think of Is Mate
13,4,4,TCGRIF,1761,notmyjob88,1723,01,white,07/28 00:00,Alekhine Think of Is Mate,Preparation H-File,3,3,draw,draw,Alekhine Think of Is Mate vs Preparation H-File
13,4,5,Showboater,1655,dose7781,1695,01,black,07/24 19:30,Preparation H-File,Alekhine Think of Is Mate,3,3,draw,draw,Preparation H-File vs Alekhine Think of Is Mate
13,4,6,joecupojoe,1419,Board_13,1497,10,black,07/27 20:30,Alekhine Think of Is Mate,Preparation H-File,3,3,draw,draw,Alekhine Think of Is Mate vs Preparation H-File
13,4,1,ErinYu,2288,Mole_Creature,2267,01,black,07/28 17:00,Baked-a-Lasker,Flying Mates,2,4,loss,win,Baked-a-Lasker vs Flying Mates
13,4,2,vadsamoht,1929,paolone,1996,1X0F,forfeit/unplayed,07/28 19:00,Flying Mates,Baked-a-Lasker,4,2,win,loss,Flying Mates vs Baked-a-Lasker
13,4,3,avas_goridze,1946,dctrip13,1901,01,black,07/28 21:00,Baked-a-Lasker,Flying Mates,2,4,loss,win,Baked-a-Lasker vs Flying Mates
13,4,4,jckund,1709,Wolf21,1830,10,black,07/25 21:00,Flying Mates,Baked-a-Lasker,4,2,win,loss,Flying Mates vs Baked-a-Lasker
13,4,5,colwem,1689,FiveKnights,1738,01,black,07/26 15:00,Baked-a-Lasker,Flying Mates,2,4,loss,win,Baked-a-Lasker vs Flying Mates
13,4,6,Kalandra,1258,nategreene,1618,01,white,07/28 20:00,Flying Mates,Baked-a-Lasker,4,2,win,loss,Flying Mates vs Baked-a-Lasker
13,4,1,vgd123,2117,swagquark,2052,01,black,07/29 21:00,Kings and Queens and Guillotines,Mommy Drinks because you play the Dutch,1.5,4.5,loss,win,Kings and Queens and Guillotines vs Mommy Drinks because you play the Dutch
13,4,2,tuncaboylu,1954,krispl,1931,01,white,07/24 20:00,Mommy Drinks because you play the Dutch,Kings and Queens and Guillotines,4.5,1.5,win,loss,Mommy Drinks because you play the Dutch vs Kings and Queens and Guillotines
13,4,3,GetAGripWhitby,1899,phild159,1878,½½,draw,07/28 15:00,Kings and Queens and Guillotines,Mommy Drinks because you play the Dutch,1.5,4.5,loss,win,Kings and Queens and Guillotines vs Mommy Drinks because you play the Dutch
13,4,4,shetoo,1801,mekumcu,1711,0F1X,forfeit/unplayed,07/28 14:00,Mommy Drinks because you play the Dutch,Kings and Queens and Guillotines,4.5,1.5,win,loss,Mommy Drinks because you play the Dutch vs Kings and Queens and Guillotines
13,4,5,chesspibito,1709,gokuba,1662,01,black,07/25 17:30,Kings and Queens and Guillotines,Mommy Drinks because you play the Dutch,1.5,4.5,loss,win,Kings and Queens and Guillotines vs Mommy Drinks because you play the Dutch
13,4,6,Acer30,1355,benlonnqvist,1567,10,black,07/29 19:00,Mommy Drinks because you play the Dutch,Kings and Queens and Guillotines,4.5,1.5,win,loss,Mommy Drinks because you play the Dutch vs Kings and Queens and Guillotines
13,4,1,Jfayne,2245,Nytik,2058,10,white,07/28 17:00,Smashing Pawns,Castle Long And Prosper,2.5,3.5,loss,win,Smashing Pawns vs Castle Long And Prosper
13,4,2,deepaks1,1989,PGSankar,1973,10,black,07/26 08:30,Castle Long And Prosper,Smashing Pawns,3.5,2.5,win,loss,Castle Long And Prosper vs Smashing Pawns
13,4,3,stinsonite,1861,jivey,1878,½Z½Z,forfeit/unplayed,"",Smashing Pawns,Castle Long And Prosper,2.5,3.5,loss,win,Smashing Pawns vs Castle Long And Prosper
13,4,4,Forhavu,1771,Lethgo,1797,01,white,07/29 18:00,Castle Long And Prosper,Smashing Pawns,3.5,2.5,win,loss,Castle Long And Prosper vs Smashing Pawns
13,4,5,Giampy62,1681,Tsatsa64,1672,01,black,07/24 18:00,Smashing Pawns,Castle Long And Prosper,2.5,3.5,loss,win,Smashing Pawns vs Castle Long And Prosper
13,4,6,lez314,1559,Ceramic,1500,01,white,07/24 18:00,Castle Long And Prosper,Smashing Pawns,3.5,2.5,win,loss,Castle Long And Prosper vs Smashing Pawns
13,4,1,Pushedpawn,2035,ahmt92,2061,½½,draw,07/29 08:00,Yas-Sir,Gang Of Dark Squares,1.5,4.5,loss,win,Yas-Sir vs Gang Of Dark Squares
13,4,2,arbisto,2014,steili,1904,01,white,07/26 19:00,Gang Of Dark Squares,Yas-Sir,4.5,1.5,win,loss,Gang Of Dark Squares vs Yas-Sir
13,4,3,Juke_3,1826,FilP,1832,0F1X,forfeit/unplayed,"",Yas-Sir,Gang Of Dark Squares,1.5,4.5,loss,win,Yas-Sir vs Gang Of Dark Squares
13,4,4,garfield1980,1782,GogoYubari,1811,01,white,07/24 18:00,Gang Of Dark Squares,Yas-Sir,4.5,1.5,win,loss,Gang Of Dark Squares vs Yas-Sir
13,4,5,Luci_Bunny,1716,Brundd,1694,0F1X,forfeit/unplayed,07/25 15:00,Yas-Sir,Gang Of Dark Squares,1.5,4.5,loss,win,Yas-Sir vs Gang Of Dark Squares
13,4,6,Ionsaitheoir,1400,Boomer34,1532,10,black,07/29 18:00,Gang Of Dark Squares,Yas-Sir,4.5,1.5,win,loss,Gang Of Dark Squares vs Yas-Sir
13,4,1,Ryune,2063,MoistvonLipwig,2246,01,black,07/26 12:00,"To be, or not b2",poisoned chess,1.5,4.5,loss,win,"To be, or not b2 vs poisoned chess"
13,4,2,IzoRyu,1959,JonathanCoffin,1962,½½,draw,07/27 10:00,poisoned chess,"To be, or not b2",4.5,1.5,win,loss,"poisoned chess vs To be, or not b2"
13,4,3,Veryance,1900,swohl19,1846,01,black,07/26 00:00,"To be, or not b2",poisoned chess,1.5,4.5,loss,win,"To be, or not b2 vs poisoned chess"
13,4,4,rampichino,1798,sgis,1760,01,white,07/23 20:00,poisoned chess,"To be, or not b2",4.5,1.5,win,loss,"poisoned chess vs To be, or not b2"
13,4,5,Napoleon_Solo,1700,izzie26,1645,0F1X,forfeit/unplayed,07/29 11:30,"To be, or not b2",poisoned chess,1.5,4.5,loss,win,"To be, or not b2 vs poisoned chess"
13,4,6,Kraaft,1566,perdhapley,1577,10,black,07/29 14:00,poisoned chess,"To be, or not b2",4.5,1.5,win,loss,"poisoned chess vs To be, or not b2"
13,4,1,mariuseg,2172,yago666,2061,10,white,07/24 18:00,We Are Girl from Egypt,Team 16,3,3,draw,draw,We Are Girl from Egypt vs Team 16
13,4,2,cacheyourdreams,1924,toni4127,1876,01,white,07/25 16:00,Team 16,We Are Girl from Egypt,3,3,draw,draw,Team 16 vs We Are Girl from Egypt
13,4,3,Thylastpenguin,1813,JJPlayz,1826,10,white,07/28 17:00,We Are Girl from Egypt,Team 16,3,3,draw,draw,We Are Girl from Egypt vs Team 16
13,4,4,Rolihlahla,1806,Dmathman,1749,01,white,07/29 12:00,Team 16,We Are Girl from Egypt,3,3,draw,draw,Team 16 vs We Are Girl from Egypt
13,4,5,tworivers,1674,MilsBees,1672,10,white,07/29 16:00,We Are Girl from Egypt,Team 16,3,3,draw,draw,We Are Girl from Egypt vs Team 16
13,4,6,pepepibote,1419,rhohit,1547,01,white,07/29 17:00,Team 16,We Are Girl from Egypt,3,3,draw,draw,Team 16 vs We Are Girl from Egypt
13,4,1,mn8,2227,LUKARAHTRATGNATBC,2246,01,black,07/29 20:00,‾\_(ツ)_/‾,With Compensation,1,5,loss,win,‾\_(ツ)_/‾ vs With Compensation
13,4,2,dauthdaert,1939,bufferunderrun,1977,10,black,07/28 20:00,With Compensation,‾\_(ツ)_/‾,5,1,win,loss,With Compensation vs ‾\_(ツ)_/‾
13,4,3,Lynnpv,1843,Daniel1802b,1846,01,black,07/25 15:00,‾\_(ツ)_/‾,With Compensation,1,5,loss,win,‾\_(ツ)_/‾ vs With Compensation
13,4,4,MattyB,1766,Toffeeman,1719,01,white,07/28 15:00,With Compensation,‾\_(ツ)_/‾,5,1,win,loss,With Compensation vs ‾\_(ツ)_/‾
13,4,5,Seb32,1707,CarlosMagnussen,1684,01,black,07/29 15:00,‾\_(ツ)_/‾,With Compensation,1,5,loss,win,‾\_(ツ)_/‾ vs With Compensation
13,4,6,mixxanber,1502,Zher0,1557,01,white,07/29 13:00,With Compensation,‾\_(ツ)_/‾,5,1,win,loss,With Compensation vs ‾\_(ツ)_/‾
13,4,1,FlokiTheCat,2086,badplayer_CM,2175,10,white,07/29 09:00,This ain't a scene it is a goddamn pawn race,Blockaders,3.5,2.5,win,loss,This ain't a scene it is a goddamn pawn race vs Blockaders
13,4,2,lenguyenthanh,1899,OuterHeaven92,1986,½½,draw,07/25 13:00,Blockaders,This ain't a scene it is a goddamn pawn race,2.5,3.5,loss,win,Blockaders vs This ain't a scene it is a goddamn pawn race
13,4,3,wpruitt14,1807,WO_Schrodinger,1877,01,black,07/29 17:00,This ain't a scene it is a goddamn pawn race,Blockaders,3.5,2.5,win,loss,This ain't a scene it is a goddamn pawn race vs Blockaders
13,4,4,Tranzoo,1701,Namulin,1777,01,white,07/26 18:00,Blockaders,This ain't a scene it is a goddamn pawn race,2.5,3.5,loss,win,Blockaders vs This ain't a scene it is a goddamn pawn race
13,4,5,HighonPotnuse,1550,RodrigoDiazdeVivar,1707,10,white,07/29 15:00,This ain't a scene it is a goddamn pawn race,Blockaders,3.5,2.5,win,loss,This ain't a scene it is a goddamn pawn race vs Blockaders
13,4,6,phmalek,1366,Lalaze,1542,10,black,07/26 20:30,Blockaders,This ain't a scene it is a goddamn pawn race,2.5,3.5,loss,win,Blockaders vs This ain't a scene it is a goddamn pawn race
13,4,1,KFerapont,2048,Axp156,2005,01,black,07/27 18:00,Bend it like Larsen,Schrödinger's Sacrifice,3.5,2.5,win,loss,Bend it like Larsen vs Schrödinger's Sacrifice
13,4,2,rapiplay,1986,WhiteD4ath,1972,10,black,07/26 15:00,Schrödinger's Sacrifice,Bend it like Larsen,2.5,3.5,loss,win,Schrödinger's Sacrifice vs Bend it like Larsen
13,4,3,dinomoomoo,1820,jg777,1866,01,black,07/25 22:30,Bend it like Larsen,Schrödinger's Sacrifice,3.5,2.5,win,loss,Bend it like Larsen vs Schrödinger's Sacrifice
13,4,4,Delpire,1709,val1313,1779,½½,draw,07/27 15:00,Schrödinger's Sacrifice,Bend it like Larsen,2.5,3.5,loss,win,Schrödinger's Sacrifice vs Bend it like Larsen
13,4,5,Drotciv,1560,oddskill,1649,10,white,07/26 15:00,Bend it like Larsen,Schrödinger's Sacrifice,3.5,2.5,win,loss,Bend it like Larsen vs Schrödinger's Sacrifice
13,4,6,Vevochi,975,KaasHonijn,1499,10,black,07/28 17:00,Schrödinger's Sacrifice,Bend it like Larsen,2.5,3.5,loss,win,Schrödinger's Sacrifice vs Bend it like Larsen
13,4,1,hicetnunc,2089,supermaths,2134,01,black,07/27 07:00,Summer Pawns,Pawn Stars,2.5,3.5,loss,win,Summer Pawns vs Pawn Stars
13,4,2,nickoboy1992,1972,Zimny_Toster,1929,0F1X,forfeit/unplayed,07/27 18:00,Pawn Stars,Summer Pawns,3.5,2.5,win,loss,Pawn Stars vs Summer Pawns
13,4,3,phantom567459,1824,EmptySet2,1823,½½,draw,07/26 22:00,Summer Pawns,Pawn Stars,2.5,3.5,loss,win,Summer Pawns vs Pawn Stars
13,4,4,Ben_Dubuque,1755,juped,1758,10,black,07/26 16:00,Pawn Stars,Summer Pawns,3.5,2.5,win,loss,Pawn Stars vs Summer Pawns
13,4,5,glbert,1694,greenkingwashere,1592,10,white,07/27 18:00,Summer Pawns,Pawn Stars,2.5,3.5,loss,win,Summer Pawns vs Pawn Stars
13,4,6,UpGoerFive,1472,rsava,1394,01,white,07/28 13:00,Pawn Stars,Summer Pawns,3.5,2.5,win,loss,Pawn Stars vs Summer Pawns
13,5,1,FischyVishy,2207,swagquark,2085,10,white,08/05 19:00,Sac It and See,Mommy Drinks because you play the Dutch,5.5,0.5,win,loss,Sac It and See vs Mommy Drinks because you play the Dutch
13,5,2,tuncaboylu,1968,somethingpretentious,2053,1X0F,forfeit/unplayed,08/03 19:00,Mommy Drinks because you play the Dutch,Sac It and See,0.5,5.5,loss,win,Mommy Drinks because you play the Dutch vs Sac It and See
13,5,3,SpiteKnight,1814,phild159,1878,10,white,08/01 16:00,Sac It and See,Mommy Drinks because you play the Dutch,5.5,0.5,win,loss,Sac It and See vs Mommy Drinks because you play the Dutch
13,5,4,shetoo,1801,DracoxVitae,1782,10,black,08/03 21:00,Mommy Drinks because you play the Dutch,Sac It and See,0.5,5.5,loss,win,Mommy Drinks because you play the Dutch vs Sac It and See
13,5,5,lakinwecker,1721,gokuba,1667,½½,draw,08/05 14:00,Sac It and See,Mommy Drinks because you play the Dutch,5.5,0.5,win,loss,Sac It and See vs Mommy Drinks because you play the Dutch
13,5,6,Acer30,1354,Khidal,1622,10,black,08/05 20:00,Mommy Drinks because you play the Dutch,Sac It and See,0.5,5.5,loss,win,Mommy Drinks because you play the Dutch vs Sac It and See
13,5,1,Mole_Creature,2279,HappyChappy,2028,½½,draw,08/05 18:00,Flying Mates,Castle Long And Prosper,2.5,3.5,loss,win,Flying Mates vs Castle Long And Prosper
13,5,2,deepaks1,2003,vadsamoht,1929,01,white,08/02 09:00,Castle Long And Prosper,Flying Mates,3.5,2.5,win,loss,Castle Long And Prosper vs Flying Mates
13,5,3,dctrip13,1916,jitre,1878,10,white,08/05 18:00,Flying Mates,Castle Long And Prosper,2.5,3.5,loss,win,Flying Mates vs Castle Long And Prosper
13,5,4,Forhavu,1783,superevans,1733,0F1X,forfeit/unplayed,08/01 16:00,Castle Long And Prosper,Flying Mates,3.5,2.5,win,loss,Castle Long And Prosper vs Flying Mates
13,5,5,FiveKnights,1757,luckyAra,1588,10,white,07/31 19:00,Flying Mates,Castle Long And Prosper,2.5,3.5,loss,win,Flying Mates vs Castle Long And Prosper
13,5,6,lez314,1570,Kalandra,1332,01,white,08/02 18:30,Castle Long And Prosper,Flying Mates,3.5,2.5,win,loss,Castle Long And Prosper vs Flying Mates
13,5,1,Aliquantus,2186,Chaozu,2248,10,white,08/01 18:00,pragnananananananana-batman!,Preparation H-File,2.5,3.5,loss,win,pragnananananananana-batman! vs Preparation H-File
13,5,2,Grzybozbur,2062,LostEarthworm,1913,½½,draw,08/01 13:20,Preparation H-File,pragnananananananana-batman!,3.5,2.5,win,loss,Preparation H-File vs pragnananananananana-batman!
13,5,3,chennis,1904,PublicRadio,1907,01,black,08/01 13:30,pragnananananananana-batman!,Preparation H-File,2.5,3.5,loss,win,pragnananananananana-batman! vs Preparation H-File
13,5,4,notmyjob88,1714,Anarschi,1766,01,white,08/05 16:00,Preparation H-File,pragnananananananana-batman!,3.5,2.5,win,loss,Preparation H-File vs pragnananananananana-batman!
13,5,5,RealRobbert,1691,Showboater,1676,01,black,08/02 19:00,pragnananananananana-batman!,Preparation H-File,2.5,3.5,loss,win,pragnananananananana-batman! vs Preparation H-File
13,5,6,abneric,1263,ematthie,1479,10,black,08/03 13:00,Preparation H-File,pragnananananananana-batman!,3.5,2.5,win,loss,Preparation H-File vs pragnananananananana-batman!
13,5,1,ahmt92,2059,Sonata2,2256,01,black,08/05 18:00,Gang Of Dark Squares,Release the Karjakin,3.5,2.5,win,loss,Gang Of Dark Squares vs Release the Karjakin
13,5,2,pioki,1917,arbisto,2022,10,black,08/01 19:00,Release the Karjakin,Gang Of Dark Squares,2.5,3.5,loss,win,Release the Karjakin vs Gang Of Dark Squares
13,5,3,FilP,1832,atil4,1871,10,white,08/05 16:00,Gang Of Dark Squares,Release the Karjakin,3.5,2.5,win,loss,Gang Of Dark Squares vs Release the Karjakin
13,5,4,Scarff,1810,garfield1980,1794,½½,draw,08/03 20:00,Release the Karjakin,Gang Of Dark Squares,2.5,3.5,loss,win,Release the Karjakin vs Gang Of Dark Squares
13,5,5,Brundd,1676,Lukhas,1689,10,white,08/01 17:00,Gang Of Dark Squares,Release the Karjakin,3.5,2.5,win,loss,Gang Of Dark Squares vs Release the Karjakin
13,5,6,Donkey-Kong16,1338,rliu347,1559,01,white,08/03 20:00,Release the Karjakin,Gang Of Dark Squares,2.5,3.5,loss,win,Release the Karjakin vs Gang Of Dark Squares
13,5,1,MoistvonLipwig,2252,wookash_888,2297,½½,draw,08/05 02:00,poisoned chess,"Don't think twice, it's alright",3,3,draw,draw,"poisoned chess vs Don't think twice, it's alright"
13,5,2,HoudinicisMedicis,2023,InfernalJumble,1922,10,black,08/04 16:00,"Don't think twice, it's alright",poisoned chess,3,3,draw,draw,"Don't think twice, it's alright vs poisoned chess"
13,5,3,TheRatRiverTrapper,1887,Daniel1802b,1863,10,white,08/01 15:00,poisoned chess,"Don't think twice, it's alright",3,3,draw,draw,"poisoned chess vs Don't think twice, it's alright"
13,5,4,OutdoorTree,1809,rampichino,1799,01,white,08/04 06:00,"Don't think twice, it's alright",poisoned chess,3,3,draw,draw,"Don't think twice, it's alright vs poisoned chess"
13,5,5,izzie26,1631,dmavro,1743,01,black,08/05 20:00,poisoned chess,"Don't think twice, it's alright",3,3,draw,draw,"poisoned chess vs Don't think twice, it's alright"
13,5,6,DeaArthur,1206,Kraaft,1555,½Z½Z,forfeit/unplayed,"","Don't think twice, it's alright",poisoned chess,3,3,draw,draw,"Don't think twice, it's alright vs poisoned chess"
13,5,1,s2004k1993,2136,ErinYu,2264,01,black,08/02 22:30,Alekhine Think of Is Mate,Baked-a-Lasker,1.5,4.5,loss,win,Alekhine Think of Is Mate vs Baked-a-Lasker
13,5,2,paolone,1986,GnarlyGoat,1935,½½,draw,08/05 12:30,Baked-a-Lasker,Alekhine Think of Is Mate,4.5,1.5,win,loss,Baked-a-Lasker vs Alekhine Think of Is Mate
13,5,3,VicPez,1925,jivey,1878,10,white,08/04 14:00,Alekhine Think of Is Mate,Baked-a-Lasker,1.5,4.5,loss,win,Alekhine Think of Is Mate vs Baked-a-Lasker
13,5,4,Wolf21,1838,TCGRIF,1768,01,white,08/01 21:00,Baked-a-Lasker,Alekhine Think of Is Mate,4.5,1.5,win,loss,Baked-a-Lasker vs Alekhine Think of Is Mate
13,5,5,dose7781,1706,colwem,1686,01,black,08/03 15:00,Alekhine Think of Is Mate,Baked-a-Lasker,1.5,4.5,loss,win,Alekhine Think of Is Mate vs Baked-a-Lasker
13,5,6,nategreene,1612,joecupojoe,1409,01,white,08/02 14:00,Baked-a-Lasker,Alekhine Think of Is Mate,4.5,1.5,win,loss,Baked-a-Lasker vs Alekhine Think of Is Mate
13,5,1,LUKARAHTRATGNATBC,2259,Jfayne,2254,½½,draw,08/05 17:00,With Compensation,Smashing Pawns,3.5,2.5,win,loss,With Compensation vs Smashing Pawns
13,5,2,PGSankar,1988,dauthdaert,1928,10,black,08/04 18:00,Smashing Pawns,With Compensation,2.5,3.5,loss,win,Smashing Pawns vs With Compensation
13,5,3,AlwxR,1838,stinsonite,1879,½½,draw,08/04 10:00,With Compensation,Smashing Pawns,3.5,2.5,win,loss,With Compensation vs Smashing Pawns
13,5,4,Lethgo,1781,MattyB,1761,½½,draw,08/05 17:00,Smashing Pawns,With Compensation,2.5,3.5,loss,win,Smashing Pawns vs With Compensation
13,5,5,chesspibito,1697,fismoluni,1730,0F1X,forfeit/unplayed,08/05 12:00,With Compensation,Smashing Pawns,3.5,2.5,win,loss,With Compensation vs Smashing Pawns
13,5,6,Ceramic,1491,mixxanber,1519,1X0F,forfeit/unplayed,08/05 13:00,Smashing Pawns,With Compensation,2.5,3.5,loss,win,Smashing Pawns vs With Compensation
13,5,1,mariuseg,2167,vgd123,2113,½½,draw,08/03 17:00,We Are Girl from Egypt,Kings and Queens and Guillotines,2.5,3.5,loss,win,We Are Girl from Egypt vs Kings and Queens and Guillotines
13,5,2,krispl,1922,toni4127,1867,½Z½Z,forfeit/unplayed,"",Kings and Queens and Guillotines,We Are Girl from Egypt,3.5,2.5,win,loss,Kings and Queens and Guillotines vs We Are Girl from Egypt
13,5,3,Thylastpenguin,1827,GetAGripWhitby,1899,½½,draw,08/04 14:00,We Are Girl from Egypt,Kings and Queens and Guillotines,2.5,3.5,loss,win,We Are Girl from Egypt vs Kings and Queens and Guillotines
13,5,4,mekumcu,1677,Dmathman,1740,01,white,07/31 00:00,Kings and Queens and Guillotines,We Are Girl from Egypt,3.5,2.5,win,loss,Kings and Queens and Guillotines vs We Are Girl from Egypt
13,5,5,tworivers,1679,pauix,1658,10,white,08/05 14:30,We Are Girl from Egypt,Kings and Queens and Guillotines,2.5,3.5,loss,win,We Are Girl from Egypt vs Kings and Queens and Guillotines
13,5,6,benlonnqvist,1575,rhohit,1553,01,white,07/31 19:00,Kings and Queens and Guillotines,We Are Girl from Egypt,3.5,2.5,win,loss,Kings and Queens and Guillotines vs We Are Girl from Egypt
13,5,1,KFerapont,2036,Ryune,2057,10,white,08/05 18:00,Bend it like Larsen,"To be, or not b2",4,2,win,loss,"Bend it like Larsen vs To be, or not b2"
13,5,2,Veryance,1865,WhiteD4ath,1995,10,black,08/03 04:30,"To be, or not b2",Bend it like Larsen,2,4,loss,win,"To be, or not b2 vs Bend it like Larsen"
13,5,3,dinomoomoo,1833,Veryance,1882,10,white,07/31 23:30,Bend it like Larsen,"To be, or not b2",4,2,win,loss,"Bend it like Larsen vs To be, or not b2"
13,5,4,sgis,1746,val1313,1777,10,black,08/03 13:30,"To be, or not b2",Bend it like Larsen,2,4,loss,win,"To be, or not b2 vs Bend it like Larsen"
13,5,5,Drotciv,1534,Napoleon_Solo,1700,01,black,08/05 15:00,Bend it like Larsen,"To be, or not b2",4,2,win,loss,"Bend it like Larsen vs To be, or not b2"
13,5,6,perdhapley,1599,KaasHonijn,1367,01,white,08/01 17:30,"To be, or not b2",Bend it like Larsen,2,4,loss,win,"To be, or not b2 vs Bend it like Larsen"
13,5,1,yago666,2072,FlokiTheCat,2103,½½,draw,07/30 18:00,Team 16,This ain't a scene it is a goddamn pawn race,2.5,3.5,loss,win,Team 16 vs This ain't a scene it is a goddamn pawn race
13,5,2,OuterHeaven92,1992,TMaus,1979,01,white,08/03 16:00,This ain't a scene it is a goddamn pawn race,Team 16,3.5,2.5,win,loss,This ain't a scene it is a goddamn pawn race vs Team 16
13,5,3,Rolihlahla,1815,wpruitt14,1799,½½,draw,08/02 00:30,Team 16,This ain't a scene it is a goddamn pawn race,2.5,3.5,loss,win,Team 16 vs This ain't a scene it is a goddamn pawn race
13,5,4,Namulin,1749,Pedropablo72,1708,½½,draw,08/04 12:30,This ain't a scene it is a goddamn pawn race,Team 16,3.5,2.5,win,loss,This ain't a scene it is a goddamn pawn race vs Team 16
13,5,5,MilsBees,1659,HighonPotnuse,1566,10,white,08/05 14:00,Team 16,This ain't a scene it is a goddamn pawn race,2.5,3.5,loss,win,Team 16 vs This ain't a scene it is a goddamn pawn race
13,5,6,Lalaze,1548,grantoldham,1563,01,white,08/02 14:00,This ain't a scene it is a goddamn pawn race,Team 16,3.5,2.5,win,loss,This ain't a scene it is a goddamn pawn race vs Team 16
13,5,1,rosagris,2059,Pushedpawn,2035,10,white,08/04 09:00,Pawn Stars,Yas-Sir,1.5,4.5,loss,win,Pawn Stars vs Yas-Sir
13,5,2,steili,1897,EmptySet2,1826,01,white,08/02 16:00,Yas-Sir,Pawn Stars,4.5,1.5,win,loss,Yas-Sir vs Pawn Stars
13,5,3,Whitedancingrockstar,1845,Juke_3,1845,½½,draw,08/04 09:00,Pawn Stars,Yas-Sir,1.5,4.5,loss,win,Pawn Stars vs Yas-Sir
13,5,4,GogoYubari,1813,Ben_Dubuque,1740,01,white,08/04 18:30,Yas-Sir,Pawn Stars,4.5,1.5,win,loss,Yas-Sir vs Pawn Stars
13,5,5,greenkingwashere,1582,Luci_Bunny,1716,01,black,08/02 17:00,Pawn Stars,Yas-Sir,1.5,4.5,loss,win,Pawn Stars vs Yas-Sir
13,5,6,Alkibiades1,1494,UpGoerFive,1487,01,white,08/05 16:00,Yas-Sir,Pawn Stars,4.5,1.5,win,loss,Yas-Sir vs Pawn Stars
13,5,1,Axp156,2028,mn8,2215,½½,draw,07/31 19:00,Schrödinger's Sacrifice,‾\_(ツ)_/‾,3.5,2.5,win,loss,Schrödinger's Sacrifice vs ‾\_(ツ)_/‾
13,5,2,bufferunderrun,1987,rapiplay,1972,10,black,08/02 20:00,‾\_(ツ)_/‾,Schrödinger's Sacrifice,2.5,3.5,loss,win,‾\_(ツ)_/‾ vs Schrödinger's Sacrifice
13,5,3,jg777,1894,Lynnpv,1833,10,white,08/05 10:00,Schrödinger's Sacrifice,‾\_(ツ)_/‾,3.5,2.5,win,loss,Schrödinger's Sacrifice vs ‾\_(ツ)_/‾
13,5,4,Toffeeman,1710,Delpire,1722,01,white,08/05 23:00,‾\_(ツ)_/‾,Schrödinger's Sacrifice,2.5,3.5,loss,win,‾\_(ツ)_/‾ vs Schrödinger's Sacrifice
13,5,5,oddskill,1658,Seb32,1695,10,white,08/05 15:00,Schrödinger's Sacrifice,‾\_(ツ)_/‾,3.5,2.5,win,loss,Schrödinger's Sacrifice vs ‾\_(ツ)_/‾
13,5,6,Zher0,1553,Vevochi,974,01,white,08/04 16:00,‾\_(ツ)_/‾,Schrödinger's Sacrifice,2.5,3.5,loss,win,‾\_(ツ)_/‾ vs Schrödinger's Sacrifice
13,5,1,badplayer_CM,2161,ReyFeroz,2054,01,black,08/04 20:00,Blockaders,Summer Pawns,2,4,loss,win,Blockaders vs Summer Pawns
13,5,2,Zimny_Toster,1965,lenguyenthanh,1887,10,black,08/05 13:00,Summer Pawns,Blockaders,4,2,win,loss,Summer Pawns vs Blockaders
13,5,3,WO_Schrodinger,1886,phantom567459,1827,10,white,07/31 23:00,Blockaders,Summer Pawns,2,4,loss,win,Blockaders vs Summer Pawns
13,5,4,juped,1773,Tranzoo,1704,01,white,08/04 07:30,Summer Pawns,Blockaders,4,2,win,loss,Summer Pawns vs Blockaders
13,5,5,RodrigoDiazdeVivar,1687,glbert,1703,01,black,08/04 13:00,Blockaders,Summer Pawns,2,4,loss,win,Blockaders vs Summer Pawns
13,5,6,rsava,1385,Boomer34,1539,0F1X,forfeit/unplayed,08/05 19:00,Summer Pawns,Blockaders,4,2,win,loss,Summer Pawns vs Blockaders
13,6,1,eie24,2092,somethingpretentious,2060,½½,draw,08/12 14:00,Castle Long And Prosper,Sac It and See,3,3,draw,draw,Castle Long And Prosper vs Sac It and See
13,6,2,somethingpretentious,2053,pioki,1905,01,white,08/12 08:00,Sac It and See,Castle Long And Prosper,3,3,draw,draw,Sac It and See vs Castle Long And Prosper
13,6,3,jitre,1837,SpiteKnight,1827,10,white,08/12 07:30,Castle Long And Prosper,Sac It and See,3,3,draw,draw,Castle Long And Prosper vs Sac It and See
13,6,4,DracoxVitae,1794,Forhavu,1783,01,white,08/11 18:00,Sac It and See,Castle Long And Prosper,3,3,draw,draw,Sac It and See vs Castle Long And Prosper
13,6,5,vloxy,1761,lakinwecker,1719,½Z½Z,forfeit/unplayed,"",Castle Long And Prosper,Sac It and See,3,3,draw,draw,Castle Long And Prosper vs Sac It and See
13,6,6,Khidal,1623,lez314,1575,10,black,08/10 19:00,Sac It and See,Castle Long And Prosper,3,3,draw,draw,Sac It and See vs Castle Long And Prosper
13,6,1,PatzerNacional,2019,ahmt92,2052,10,white,08/08 16:00,Preparation H-File,Gang Of Dark Squares,2.5,2.5,loss,loss,Preparation H-File vs Gang Of Dark Squares
13,6,2,arbisto,2030,Grzybozbur,2054,01,white,08/12 20:00,Gang Of Dark Squares,Preparation H-File,2.5,2.5,loss,loss,Gang Of Dark Squares vs Preparation H-File
13,6,3,PublicRadio,1917,FilP,1844,½½,draw,08/09 15:00,Preparation H-File,Gang Of Dark Squares,2.5,2.5,loss,loss,Preparation H-File vs Gang Of Dark Squares
13,6,4,garfield1980,1795,notmyjob88,1726,01,white,08/11 16:00,Gang Of Dark Squares,Preparation H-File,2.5,2.5,loss,loss,Gang Of Dark Squares vs Preparation H-File
13,6,5,Showboater,1687,Brundd,1689,10,white,08/10 19:30,Preparation H-File,Gang Of Dark Squares,2.5,2.5,loss,loss,Preparation H-File vs Gang Of Dark Squares
13,6,6,rliu347,1541,abneric,1256,0F0F,forfeit/unplayed,"",Gang Of Dark Squares,Preparation H-File,2.5,2.5,loss,loss,Gang Of Dark Squares vs Preparation H-File
13,6,1,SycoraxCirce,2094,Aliquantus,2198,½½,draw,08/09 19:00,Baked-a-Lasker,pragnananananananana-batman!,2.5,3.5,loss,win,Baked-a-Lasker vs pragnananananananana-batman!
13,6,2,LostEarthworm,1902,paolone,1984,10,black,08/10 19:00,pragnananananananana-batman!,Baked-a-Lasker,3.5,2.5,win,loss,pragnananananananana-batman! vs Baked-a-Lasker
13,6,3,avas_goridze,1936,chennis,1880,½½,draw,08/09 19:00,Baked-a-Lasker,pragnananananananana-batman!,2.5,3.5,loss,win,Baked-a-Lasker vs pragnananananananana-batman!
13,6,4,Anarschi,1746,Wolf21,1847,½½,draw,08/11 16:00,pragnananananananana-batman!,Baked-a-Lasker,3.5,2.5,win,loss,pragnananananananana-batman! vs Baked-a-Lasker
13,6,5,colwem,1697,RealRobbert,1679,01,black,08/10 17:00,Baked-a-Lasker,pragnananananananana-batman!,2.5,3.5,loss,win,Baked-a-Lasker vs pragnananananananana-batman!
13,6,6,ematthie,1484,nategreene,1637,01,white,08/09 19:00,pragnananananananana-batman!,Baked-a-Lasker,3.5,2.5,win,loss,pragnananananananana-batman! vs Baked-a-Lasker
13,6,1,swagquark,2068,MoistvonLipwig,2253,01,black,08/09 21:45,Mommy Drinks because you play the Dutch,poisoned chess,2.5,3.5,loss,win,Mommy Drinks because you play the Dutch vs poisoned chess
13,6,2,BigEvo8,1945,tuncaboylu,1968,10,black,08/08 20:00,poisoned chess,Mommy Drinks because you play the Dutch,3.5,2.5,win,loss,poisoned chess vs Mommy Drinks because you play the Dutch
13,6,3,AlwxR,1842,TheRatRiverTrapper,1897,½Z½Z,forfeit/unplayed,08/11 19:00,Mommy Drinks because you play the Dutch,poisoned chess,2.5,3.5,loss,win,Mommy Drinks because you play the Dutch vs poisoned chess
13,6,4,rampichino,1788,shetoo,1790,½½,draw,08/09 20:00,poisoned chess,Mommy Drinks because you play the Dutch,3.5,2.5,win,loss,poisoned chess vs Mommy Drinks because you play the Dutch
13,6,5,gokuba,1684,izzie26,1631,½½,draw,08/11 09:00,Mommy Drinks because you play the Dutch,poisoned chess,2.5,3.5,loss,win,Mommy Drinks because you play the Dutch vs poisoned chess
13,6,6,knassery,1574,Acer30,1350,0F1X,forfeit/unplayed,08/12 16:00,poisoned chess,Mommy Drinks because you play the Dutch,3.5,2.5,win,loss,poisoned chess vs Mommy Drinks because you play the Dutch
13,6,1,Lelouch_Vi_Brittania,2140,LUKARAHTRATGNATBC,2259,½½,draw,08/12 18:00,"Don't think twice, it's alright",With Compensation,3.5,1.5,win,loss,"Don't think twice, it's alright vs With Compensation"
13,6,2,dauthdaert,1943,HoudinicisMedicis,2009,10,black,08/11 15:00,With Compensation,"Don't think twice, it's alright",1.5,3.5,loss,win,"With Compensation vs Don't think twice, it's alright"
13,6,3,maxivgc,1759,dragonickhaos,1861,0F0F,forfeit/unplayed,"","Don't think twice, it's alright",With Compensation,3.5,1.5,win,loss,"Don't think twice, it's alright vs With Compensation"
13,6,4,MattyB,1762,OutdoorTree,1829,10,black,08/12 15:00,With Compensation,"Don't think twice, it's alright",1.5,3.5,loss,win,"With Compensation vs Don't think twice, it's alright"
13,6,5,dmavro,1754,CarlosMagnussen,1695,10,white,08/11 18:00,"Don't think twice, it's alright",With Compensation,3.5,1.5,win,loss,"Don't think twice, it's alright vs With Compensation"
13,6,6,mixxanber,1609,DeaArthur,1218,01,white,08/12 16:00,With Compensation,"Don't think twice, it's alright",1.5,3.5,loss,win,"With Compensation vs Don't think twice, it's alright"
13,6,1,vgd123,2115,Mole_Creature,2273,0F1X,forfeit/unplayed,08/10 12:00,Kings and Queens and Guillotines,Flying Mates,2.5,3.5,loss,win,Kings and Queens and Guillotines vs Flying Mates
13,6,2,dctrip13,1926,RazorSharpOnly,1949,01,white,08/11 00:00,Flying Mates,Kings and Queens and Guillotines,3.5,2.5,win,loss,Flying Mates vs Kings and Queens and Guillotines
13,6,3,Whitedancingrockstar,1845,vadsamoht,1921,1X0F,forfeit/unplayed,08/10 09:30,Kings and Queens and Guillotines,Flying Mates,2.5,3.5,loss,win,Kings and Queens and Guillotines vs Flying Mates
13,6,4,FiveKnights,1763,mekumcu,1692,10,black,08/11 14:00,Flying Mates,Kings and Queens and Guillotines,3.5,2.5,win,loss,Flying Mates vs Kings and Queens and Guillotines
13,6,5,pauix,1648,superevans,1765,01,black,08/10 15:00,Kings and Queens and Guillotines,Flying Mates,2.5,3.5,loss,win,Kings and Queens and Guillotines vs Flying Mates
13,6,6,Kalandra,1327,benlonnqvist,1591,½Z½Z,forfeit/unplayed,08/09 19:00,Flying Mates,Kings and Queens and Guillotines,3.5,2.5,win,loss,Flying Mates vs Kings and Queens and Guillotines
13,6,1,Sonata2,2262,s2004k1993,2129,½½,draw,08/12 20:00,Release the Karjakin,Alekhine Think of Is Mate,2.5,3.5,loss,win,Release the Karjakin vs Alekhine Think of Is Mate
13,6,2,GnarlyGoat,1936,JonathanCoffin,1940,01,white,08/11 12:00,Alekhine Think of Is Mate,Release the Karjakin,3.5,2.5,win,loss,Alekhine Think of Is Mate vs Release the Karjakin
13,6,3,LuvGangster,1827,VicPez,1932,10,white,08/10 21:00,Release the Karjakin,Alekhine Think of Is Mate,2.5,3.5,loss,win,Release the Karjakin vs Alekhine Think of Is Mate
13,6,4,TCGRIF,1771,Scarff,1809,01,white,08/12 22:00,Alekhine Think of Is Mate,Release the Karjakin,3.5,2.5,win,loss,Alekhine Think of Is Mate vs Release the Karjakin
13,6,5,Giampy62,1637,dose7781,1688,01,black,08/07 18:00,Release the Karjakin,Alekhine Think of Is Mate,2.5,3.5,loss,win,Release the Karjakin vs Alekhine Think of Is Mate
13,6,6,joecupojoe,1394,Donkey-Kong16,1356,10,black,08/12 20:00,Alekhine Think of Is Mate,Release the Karjakin,3.5,2.5,win,loss,Alekhine Think of Is Mate vs Release the Karjakin
13,6,1,Pushedpawn,2024,KFerapont,2047,01,black,08/08 08:00,Yas-Sir,Bend it like Larsen,4,2,win,loss,Yas-Sir vs Bend it like Larsen
13,6,2,WhiteD4ath,2009,steili,1905,½½,draw,08/07 16:00,Bend it like Larsen,Yas-Sir,2,4,loss,win,Bend it like Larsen vs Yas-Sir
13,6,3,Juke_3,1845,dinomoomoo,1845,1X0F,forfeit/unplayed,08/12 03:00,Yas-Sir,Bend it like Larsen,4,2,win,loss,Yas-Sir vs Bend it like Larsen
13,6,4,val1313,1816,GogoYubari,1821,½½,draw,08/12 08:00,Bend it like Larsen,Yas-Sir,2,4,loss,win,Bend it like Larsen vs Yas-Sir
13,6,5,Luci_Bunny,1724,Drotciv,1515,10,white,08/07 15:00,Yas-Sir,Bend it like Larsen,4,2,win,loss,Yas-Sir vs Bend it like Larsen
13,6,6,KaasHonijn,1495,Alkibiades1,1505,10,black,08/11 17:00,Bend it like Larsen,Yas-Sir,2,4,loss,win,Bend it like Larsen vs Yas-Sir
13,6,1,FlokiTheCat,2101,Jfayne,2254,01,black,08/10 17:30,This ain't a scene it is a goddamn pawn race,Smashing Pawns,4,2,win,loss,This ain't a scene it is a goddamn pawn race vs Smashing Pawns
13,6,2,PGSankar,1971,goblin_alchemist,1877,1X0F,forfeit/unplayed,08/11 03:00,Smashing Pawns,This ain't a scene it is a goddamn pawn race,2,4,loss,win,Smashing Pawns vs This ain't a scene it is a goddamn pawn race
13,6,3,wpruitt14,1799,stinsonite,1878,10,white,08/11 15:30,This ain't a scene it is a goddamn pawn race,Smashing Pawns,4,2,win,loss,This ain't a scene it is a goddamn pawn race vs Smashing Pawns
13,6,4,Lethgo,1781,Namulin,1748,½½,draw,08/12 13:00,Smashing Pawns,This ain't a scene it is a goddamn pawn race,2,4,loss,win,Smashing Pawns vs This ain't a scene it is a goddamn pawn race
13,6,5,Lalaze,1561,fismoluni,1699,½½,draw,08/11 09:00,This ain't a scene it is a goddamn pawn race,Smashing Pawns,4,2,win,loss,This ain't a scene it is a goddamn pawn race vs Smashing Pawns
13,6,6,Ceramic,1493,HighonPotnuse,1543,10,black,08/12 22:00,Smashing Pawns,This ain't a scene it is a goddamn pawn race,2,4,loss,win,Smashing Pawns vs This ain't a scene it is a goddamn pawn race
13,6,1,Ryune,2045,mariuseg,2165,10,white,08/08 18:00,"To be, or not b2",We Are Girl from Egypt,4,2,win,loss,"To be, or not b2 vs We Are Girl from Egypt"
13,6,2,toni4127,1867,roso97,1923,½½,draw,08/13 01:30,We Are Girl from Egypt,"To be, or not b2",2,4,loss,win,"We Are Girl from Egypt vs To be, or not b2"
13,6,3,Veryance,1855,Thylastpenguin,1830,½½,draw,08/07 23:00,"To be, or not b2",We Are Girl from Egypt,4,2,win,loss,"To be, or not b2 vs We Are Girl from Egypt"
13,6,4,Dmathman,1728,sgis,1736,1X0F,forfeit/unplayed,08/12 19:00,We Are Girl from Egypt,"To be, or not b2",2,4,loss,win,"We Are Girl from Egypt vs To be, or not b2"
13,6,5,Napoleon_Solo,1706,tworivers,1701,10,white,08/12 12:00,"To be, or not b2",We Are Girl from Egypt,4,2,win,loss,"To be, or not b2 vs We Are Girl from Egypt"
13,6,6,rhohit,1523,perdhapley,1604,01,white,08/09 19:00,We Are Girl from Egypt,"To be, or not b2",2,4,loss,win,"We Are Girl from Egypt vs To be, or not b2"
13,6,1,hicetnunc,2080,yago666,2071,10,white,08/11 10:00,Summer Pawns,Team 16,5,1,win,loss,Summer Pawns vs Team 16
13,6,2,TMaus,1968,Zimny_Toster,1964,10,black,08/12 08:00,Team 16,Summer Pawns,1,5,loss,win,Team 16 vs Summer Pawns
13,6,3,phantom567459,1838,JJPlayz,1813,01,black,08/11 23:00,Summer Pawns,Team 16,5,1,win,loss,Summer Pawns vs Team 16
13,6,4,Rolihlahla,1809,juped,1785,10,black,08/08 11:15,Team 16,Summer Pawns,1,5,loss,win,Team 16 vs Summer Pawns
13,6,5,glbert,1713,Tsatsa64,1683,10,white,08/09 16:00,Summer Pawns,Team 16,5,1,win,loss,Summer Pawns vs Team 16
13,6,6,grantoldham,1551,Board_13,1508,1X0F,forfeit/unplayed,08/12 19:30,Team 16,Summer Pawns,1,5,loss,win,Team 16 vs Summer Pawns
13,6,1,mn8,2208,rosagris,2070,10,white,08/10 17:00,‾\_(ツ)_/‾,Pawn Stars,2.5,3.5,loss,win,‾\_(ツ)_/‾ vs Pawn Stars
13,6,2,nickoboy1992,1972,ChessPatzerSwan,1969,01,white,08/08 13:00,Pawn Stars,‾\_(ツ)_/‾,3.5,2.5,win,loss,Pawn Stars vs ‾\_(ツ)_/‾
13,6,3,Lynnpv,1824,EmptySet2,1924,01,black,08/11 16:00,‾\_(ツ)_/‾,Pawn Stars,2.5,3.5,loss,win,‾\_(ツ)_/‾ vs Pawn Stars
13,6,4,Ben_Dubuque,1729,Toffeeman,1721,0F1X,forfeit/unplayed,08/10 00:00,Pawn Stars,‾\_(ツ)_/‾,3.5,2.5,win,loss,Pawn Stars vs ‾\_(ツ)_/‾
13,6,5,Seb32,1684,greenkingwashere,1573,½Z½Z,forfeit/unplayed,"",‾\_(ツ)_/‾,Pawn Stars,2.5,3.5,loss,win,‾\_(ツ)_/‾ vs Pawn Stars
13,6,6,UpGoerFive,1469,Zher0,1554,10,black,08/10 16:00,Pawn Stars,‾\_(ツ)_/‾,3.5,2.5,win,loss,Pawn Stars vs ‾\_(ツ)_/‾
13,6,1,badplayer_CM,2146,Axp156,2009,10,white,08/08 18:30,Blockaders,Schrödinger's Sacrifice,4.5,1.5,win,loss,Blockaders vs Schrödinger's Sacrifice
13,6,2,rapiplay,1977,lenguyenthanh,1904,10,black,08/07 13:00,Schrödinger's Sacrifice,Blockaders,1.5,4.5,loss,win,Schrödinger's Sacrifice vs Blockaders
13,6,3,WO_Schrodinger,1895,jg777,1909,10,white,08/08 01:00,Blockaders,Schrödinger's Sacrifice,4.5,1.5,win,loss,Blockaders vs Schrödinger's Sacrifice
13,6,4,Delpire,1705,Tranzoo,1702,10,black,08/09 17:00,Schrödinger's Sacrifice,Blockaders,1.5,4.5,loss,win,Schrödinger's Sacrifice vs Blockaders
13,6,5,RodrigoDiazdeVivar,1666,oddskill,1669,01,black,08/12 18:00,Blockaders,Schrödinger's Sacrifice,4.5,1.5,win,loss,Blockaders vs Schrödinger's Sacrifice
13,6,6,Vevochi,973,Boomer34,1539,½Z½Z,forfeit/unplayed,"",Schrödinger's Sacrifice,Blockaders,1.5,4.5,loss,win,Schrödinger's Sacrifice vs Blockaders
13,7,1,supermaths,2153,Aliquantus,2195,10,white,08/18 08:30,Sac It and See,pragnananananananana-batman!,4.5,1.5,win,loss,Sac It and See vs pragnananananananana-batman!
13,7,2,LostEarthworm,1896,somethingpretentious,2061,10,black,08/19 13:00,pragnananananananana-batman!,Sac It and See,1.5,4.5,loss,win,pragnananananananana-batman! vs Sac It and See
13,7,3,SpiteKnight,1811,chennis,1879,10,white,08/15 13:15,Sac It and See,pragnananananananana-batman!,4.5,1.5,win,loss,Sac It and See vs pragnananananananana-batman!
13,7,4,Anarschi,1741,DracoxVitae,1805,½½,draw,08/17 16:00,pragnananananananana-batman!,Sac It and See,1.5,4.5,loss,win,pragnananananananana-batman! vs Sac It and See
13,7,5,lakinwecker,1729,RealRobbert,1691,01,black,08/18 18:00,Sac It and See,pragnananananananana-batman!,4.5,1.5,win,loss,Sac It and See vs pragnananananananana-batman!
13,7,6,pepepibote,1440,Khidal,1610,10,black,08/17 18:00,pragnananananananana-batman!,Sac It and See,1.5,4.5,loss,win,pragnananananananana-batman! vs Sac It and See
13,7,1,arbisto,2041,eie24,2091,½½,draw,08/18 19:00,Gang Of Dark Squares,Castle Long And Prosper,3.5,2.5,win,loss,Gang Of Dark Squares vs Castle Long And Prosper
13,7,2,deepaks1,2012,ahmt92,2035,1X0F,forfeit/unplayed,08/17 06:00,Castle Long And Prosper,Gang Of Dark Squares,2.5,3.5,loss,win,Castle Long And Prosper vs Gang Of Dark Squares
13,7,3,FilP,1846,jitre,1850,10,white,08/19 17:00,Gang Of Dark Squares,Castle Long And Prosper,3.5,2.5,win,loss,Gang Of Dark Squares vs Castle Long And Prosper
13,7,4,Forhavu,1772,garfield1980,1804,1X0F,forfeit/unplayed,"",Castle Long And Prosper,Gang Of Dark Squares,2.5,3.5,loss,win,Castle Long And Prosper vs Gang Of Dark Squares
13,7,5,Brundd,1701,lez314,1596,01,black,08/19 20:00,Gang Of Dark Squares,Castle Long And Prosper,3.5,2.5,win,loss,Gang Of Dark Squares vs Castle Long And Prosper
13,7,6,Litzr,1578,rliu347,1541,01,white,08/16 20:00,Castle Long And Prosper,Gang Of Dark Squares,2.5,3.5,loss,win,Castle Long And Prosper vs Gang Of Dark Squares
13,7,1,MoistvonLipwig,2260,Chaozu,2231,01,black,08/15 17:30,poisoned chess,Preparation H-File,2.5,3.5,loss,win,poisoned chess vs Preparation H-File
13,7,2,Grzybozbur,2032,IzoRyu,1959,01,white,08/16 15:00,Preparation H-File,poisoned chess,3.5,2.5,win,loss,Preparation H-File vs poisoned chess
13,7,3,TheRatRiverTrapper,1897,PublicRadio,1903,½½,draw,08/19 20:00,poisoned chess,Preparation H-File,2.5,3.5,loss,win,poisoned chess vs Preparation H-File
13,7,4,notmyjob88,1717,rampichino,1800,10,black,08/18 12:30,Preparation H-File,poisoned chess,3.5,2.5,win,loss,Preparation H-File vs poisoned chess
13,7,5,izzie26,1617,Showboater,1740,01,black,08/17 19:30,poisoned chess,Preparation H-File,2.5,3.5,loss,win,poisoned chess vs Preparation H-File
13,7,6,abneric,1256,Kraaft,1569,10,black,08/19 12:30,Preparation H-File,poisoned chess,3.5,2.5,win,loss,Preparation H-File vs poisoned chess
13,7,1,Mole_Creature,2277,Lelouch_Vi_Brittania,2144,½½,draw,08/16 18:00,Flying Mates,"Don't think twice, it's alright",3,3,draw,draw,"Flying Mates vs Don't think twice, it's alright"
13,7,2,HoudinicisMedicis,2018,dctrip13,1938,01,white,08/19 16:00,"Don't think twice, it's alright",Flying Mates,3,3,draw,draw,"Don't think twice, it's alright vs Flying Mates"
13,7,3,AvocadoPost,1784,DarkAc,1832,10,white,08/16 19:00,Flying Mates,"Don't think twice, it's alright",3,3,draw,draw,"Flying Mates vs Don't think twice, it's alright"
13,7,4,OutdoorTree,1838,superevans,1781,0F1X,forfeit/unplayed,08/18 16:00,"Don't think twice, it's alright",Flying Mates,3,3,draw,draw,"Don't think twice, it's alright vs Flying Mates"
13,7,5,FiveKnights,1741,dmavro,1770,½½,draw,08/13 18:00,Flying Mates,"Don't think twice, it's alright",3,3,draw,draw,"Flying Mates vs Don't think twice, it's alright"
13,7,6,DeaArthur,1216,Kalandra,1404,10,black,08/19 21:00,"Don't think twice, it's alright",Flying Mates,3,3,draw,draw,"Don't think twice, it's alright vs Flying Mates"
13,7,1,s2004k1993,2133,FlokiTheCat,2091,01,black,08/16 17:00,Alekhine Think of Is Mate,This ain't a scene it is a goddamn pawn race,3.5,2.5,win,loss,Alekhine Think of Is Mate vs This ain't a scene it is a goddamn pawn race
13,7,2,atil4,1869,VicPez,1992,01,white,08/17 13:00,This ain't a scene it is a goddamn pawn race,Alekhine Think of Is Mate,2.5,3.5,loss,win,This ain't a scene it is a goddamn pawn race vs Alekhine Think of Is Mate
13,7,3,GnarlyGoat,1947,wpruitt14,1812,10,white,08/18 01:00,Alekhine Think of Is Mate,This ain't a scene it is a goddamn pawn race,3.5,2.5,win,loss,Alekhine Think of Is Mate vs This ain't a scene it is a goddamn pawn race
13,7,4,Namulin,1749,TCGRIF,1783,10,black,"",This ain't a scene it is a goddamn pawn race,Alekhine Think of Is Mate,2.5,3.5,loss,win,This ain't a scene it is a goddamn pawn race vs Alekhine Think of Is Mate
13,7,5,dose7781,1704,Lalaze,1566,10,white,08/15 10:00,Alekhine Think of Is Mate,This ain't a scene it is a goddamn pawn race,3.5,2.5,win,loss,Alekhine Think of Is Mate vs This ain't a scene it is a goddamn pawn race
13,7,6,HighonPotnuse,1543,joecupojoe,1380,½½,draw,08/15 12:00,This ain't a scene it is a goddamn pawn race,Alekhine Think of Is Mate,2.5,3.5,loss,win,This ain't a scene it is a goddamn pawn race vs Alekhine Think of Is Mate
13,7,1,LUKARAHTRATGNATBC,2254,Pushedpawn,2014,10,white,08/18 22:00,With Compensation,Yas-Sir,5,1,win,loss,With Compensation vs Yas-Sir
13,7,2,steili,1908,dauthdaert,1932,10,black,08/15 15:00,Yas-Sir,With Compensation,1,5,loss,win,Yas-Sir vs With Compensation
13,7,3,DragonicKhaos,1861,Juke_3,1866,10,white,08/18 22:00,With Compensation,Yas-Sir,5,1,win,loss,With Compensation vs Yas-Sir
13,7,4,Boviced,1695,MattyB,1767,01,white,08/18 15:00,Yas-Sir,With Compensation,1,5,loss,win,Yas-Sir vs With Compensation
13,7,5,CarlosMagnussen,1686,Luci_Bunny,1721,10,white,08/18 16:00,With Compensation,Yas-Sir,5,1,win,loss,With Compensation vs Yas-Sir
13,7,6,Alkibiades1,1517,mixxanber,1668,10,black,08/18 17:00,Yas-Sir,With Compensation,1,5,loss,win,Yas-Sir vs With Compensation
13,7,1,vgd123,2123,ErinYu,2271,01,black,08/15 21:00,Kings and Queens and Guillotines,Baked-a-Lasker,3,3,draw,draw,Kings and Queens and Guillotines vs Baked-a-Lasker
13,7,2,paolone,2001,krispl,1922,10,black,08/17 19:00,Baked-a-Lasker,Kings and Queens and Guillotines,3,3,draw,draw,Baked-a-Lasker vs Kings and Queens and Guillotines
13,7,3,david-innes,1782,avas_goridze,1934,01,black,08/17 21:00,Kings and Queens and Guillotines,Baked-a-Lasker,3,3,draw,draw,Kings and Queens and Guillotines vs Baked-a-Lasker
13,7,4,halloway,1725,mekumcu,1670,10,black,08/14 02:30,Baked-a-Lasker,Kings and Queens and Guillotines,3,3,draw,draw,Baked-a-Lasker vs Kings and Queens and Guillotines
13,7,5,luckyAra,1617,colwem,1664,01,black,08/19 21:00,Kings and Queens and Guillotines,Baked-a-Lasker,3,3,draw,draw,Kings and Queens and Guillotines vs Baked-a-Lasker
13,7,6,py3,1455,benlonnqvist,1578,10,black,08/18 18:00,Baked-a-Lasker,Kings and Queens and Guillotines,3,3,draw,draw,Baked-a-Lasker vs Kings and Queens and Guillotines
13,7,1,swagquark,2087,Sonata2,2258,10,white,08/19 20:00,Mommy Drinks because you play the Dutch,Release the Karjakin,1.5,4.5,loss,win,Mommy Drinks because you play the Dutch vs Release the Karjakin
13,7,2,S3pp,1954,tuncaboylu,1981,01,white,08/17 12:00,Release the Karjakin,Mommy Drinks because you play the Dutch,4.5,1.5,win,loss,Release the Karjakin vs Mommy Drinks because you play the Dutch
13,7,3,nsmiller7,1841,rgpchesspe,1885,½½,draw,08/20 02:00,Mommy Drinks because you play the Dutch,Release the Karjakin,1.5,4.5,loss,win,Mommy Drinks because you play the Dutch vs Release the Karjakin
13,7,4,Scarff,1797,shetoo,1780,01,white,08/17 12:00,Release the Karjakin,Mommy Drinks because you play the Dutch,4.5,1.5,win,loss,Release the Karjakin vs Mommy Drinks because you play the Dutch
13,7,5,gokuba,1697,Lukhas,1688,01,black,08/16 17:00,Mommy Drinks because you play the Dutch,Release the Karjakin,1.5,4.5,loss,win,Mommy Drinks because you play the Dutch vs Release the Karjakin
13,7,6,Donkey-Kong16,1369,Acer30,1347,01,white,08/19 20:00,Release the Karjakin,Mommy Drinks because you play the Dutch,4.5,1.5,win,loss,Release the Karjakin vs Mommy Drinks because you play the Dutch
13,7,1,rosagris,2062,Ryune,2060,01,black,08/19 19:00,Pawn Stars,"To be, or not b2",1.5,4.5,loss,win,"Pawn Stars vs To be, or not b2"
13,7,2,ChessPatzerSwan,1959,cacheyourdreams,1948,½½,draw,08/18 11:00,"To be, or not b2",Pawn Stars,4.5,1.5,win,loss,"To be, or not b2 vs Pawn Stars"
13,7,3,EmptySet2,1879,Veryance,1854,01,black,08/16 23:30,Pawn Stars,"To be, or not b2",1.5,4.5,loss,win,"Pawn Stars vs To be, or not b2"
13,7,4,sgis,1757,Ben_Dubuque,1729,10,black,08/16 15:00,"To be, or not b2",Pawn Stars,4.5,1.5,win,loss,"To be, or not b2 vs Pawn Stars"
13,7,5,greenkingwashere,1573,Napoleon_Solo,1717,0F1X,forfeit/unplayed,08/19 16:00,Pawn Stars,"To be, or not b2",1.5,4.5,loss,win,"Pawn Stars vs To be, or not b2"
13,7,6,perdhapley,1590,UpGoerFive,1455,0F1X,forfeit/unplayed,08/19 14:00,"To be, or not b2",Pawn Stars,4.5,1.5,win,loss,"To be, or not b2 vs Pawn Stars"
13,7,1,KFerapont,2057,hicetnunc,2090,½Z½Z,forfeit/unplayed,08/18 10:00,Bend it like Larsen,Summer Pawns,3.5,2.5,win,loss,Bend it like Larsen vs Summer Pawns
13,7,2,Zimny_Toster,1980,WhiteD4ath,2003,10,black,08/15 08:00,Summer Pawns,Bend it like Larsen,2.5,3.5,loss,win,Summer Pawns vs Bend it like Larsen
13,7,3,dinomoomoo,1867,phantom567459,1864,10,white,08/14 20:00,Bend it like Larsen,Summer Pawns,3.5,2.5,win,loss,Bend it like Larsen vs Summer Pawns
13,7,4,juped,1801,val1313,1816,10,black,08/14 08:30,Summer Pawns,Bend it like Larsen,2.5,3.5,loss,win,Summer Pawns vs Bend it like Larsen
13,7,5,Drotciv,1553,glbert,1724,01,black,08/16 18:00,Bend it like Larsen,Summer Pawns,3.5,2.5,win,loss,Bend it like Larsen vs Summer Pawns
13,7,6,rsava,1362,Jokes1724,1585,01,white,08/19 16:30,Summer Pawns,Bend it like Larsen,2.5,3.5,loss,win,Summer Pawns vs Bend it like Larsen
13,7,1,Jfayne,2264,badplayer_CM,2155,½½,draw,08/14 21:30,Smashing Pawns,Blockaders,1,5,loss,win,Smashing Pawns vs Blockaders
13,7,2,lenguyenthanh,1920,PGSankar,1971,01,white,08/19 13:00,Blockaders,Smashing Pawns,5,1,win,loss,Blockaders vs Smashing Pawns
13,7,3,stinsonite,1865,WO_Schrodinger,1906,01,black,08/14 15:00,Smashing Pawns,Blockaders,1,5,loss,win,Smashing Pawns vs Blockaders
13,7,4,Immortality,1778,Lethgo,1779,01,white,08/19 18:00,Blockaders,Smashing Pawns,5,1,win,loss,Blockaders vs Smashing Pawns
13,7,5,fismoluni,1700,RodrigoDiazdeVivar,1657,½½,draw,08/15 15:00,Smashing Pawns,Blockaders,1,5,loss,win,Smashing Pawns vs Blockaders
13,7,6,Boomer34,1551,Ceramic,1493,01,white,08/16 01:30,Blockaders,Smashing Pawns,5,1,win,loss,Blockaders vs Smashing Pawns
13,7,1,lovlas,2473,mariuseg,2180,10,white,08/15 18:00,Schrödinger's Sacrifice,We Are Girl from Egypt,3.5,2.5,win,loss,Schrödinger's Sacrifice vs We Are Girl from Egypt
13,7,2,toni4127,1868,rapiplay,1935,01,white,08/19 19:00,We Are Girl from Egypt,Schrödinger's Sacrifice,2.5,3.5,loss,win,We Are Girl from Egypt vs Schrödinger's Sacrifice
13,7,3,jg777,1875,Thylastpenguin,1831,10,white,08/18 10:00,Schrödinger's Sacrifice,We Are Girl from Egypt,3.5,2.5,win,loss,Schrödinger's Sacrifice vs We Are Girl from Egypt
13,7,4,Dmathman,1728,Delpire,1695,1X0F,forfeit/unplayed,"",We Are Girl from Egypt,Schrödinger's Sacrifice,2.5,3.5,loss,win,We Are Girl from Egypt vs Schrödinger's Sacrifice
13,7,5,oddskill,1680,tworivers,1690,½½,draw,08/18 14:00,Schrödinger's Sacrifice,We Are Girl from Egypt,3.5,2.5,win,loss,Schrödinger's Sacrifice vs We Are Girl from Egypt
13,7,6,rhohit,1541,Vevochi,973,01,white,08/18 19:00,We Are Girl from Egypt,Schrödinger's Sacrifice,2.5,3.5,loss,win,We Are Girl from Egypt vs Schrödinger's Sacrifice
13,7,1,yago666,2065,mn8,2217,½½,draw,08/15 17:30,Team 16,‾\_(ツ)_/‾,2.5,3.5,loss,win,Team 16 vs ‾\_(ツ)_/‾
13,7,2,bufferunderrun,1975,TMaus,1957,01,white,08/16 17:00,‾\_(ツ)_/‾,Team 16,3.5,2.5,win,loss,‾\_(ツ)_/‾ vs Team 16
13,7,3,jjplayz,1826,Lynnpv,1816,0F1X,forfeit/unplayed,"",Team 16,‾\_(ツ)_/‾,2.5,3.5,loss,win,Team 16 vs ‾\_(ツ)_/‾
13,7,4,Toffeeman,1721,Rolihlahla,1771,01,white,08/18 00:30,‾\_(ツ)_/‾,Team 16,3.5,2.5,win,loss,‾\_(ツ)_/‾ vs Team 16
13,7,5,RaitzeR,1578,Seb32,1684,10,white,08/15 05:00,Team 16,‾\_(ツ)_/‾,2.5,3.5,loss,win,Team 16 vs ‾\_(ツ)_/‾
13,7,6,Zher0,1571,grantoldham,1551,10,black,08/19 15:00,‾\_(ツ)_/‾,Team 16,3.5,2.5,win,loss,‾\_(ツ)_/‾ vs Team 16
13,8,1,Chaozu,2247,FischyVishy,2220,½½,draw,08/22 18:00,Preparation H-File,Sac It and See,3.5,2.5,win,loss,Preparation H-File vs Sac It and See
13,8,2,somethingpretentious,2067,Grzybozbur,2048,10,black,08/24 18:00,Sac It and See,Preparation H-File,2.5,3.5,loss,win,Sac It and See vs Preparation H-File
13,8,3,PublicRadio,1903,SpiteKnight,1832,10,white,08/26 13:00,Preparation H-File,Sac It and See,3.5,2.5,win,loss,Preparation H-File vs Sac It and See
13,8,4,DracoxVitae,1803,Showboater,1733,01,white,08/25 19:30,Sac It and See,Preparation H-File,2.5,3.5,loss,win,Sac It and See vs Preparation H-File
13,8,5,notmyjob88,1709,lakinwecker,1717,10,white,08/25 00:00,Preparation H-File,Sac It and See,3.5,2.5,win,loss,Preparation H-File vs Sac It and See
13,8,6,Khidal,1623,abneric,1251,01,white,08/26 19:00,Sac It and See,Preparation H-File,2.5,3.5,loss,win,Sac It and See vs Preparation H-File
13,8,1,PatzerNacional,1991,SycoraxCirce,2100,½½,draw,08/23 12:00,Flying Mates,Gang Of Dark Squares,3,3,draw,draw,Flying Mates vs Gang Of Dark Squares
13,8,2,ahmt92,2035,dctrip13,1929,01,white,08/26 18:00,Gang Of Dark Squares,Flying Mates,3,3,draw,draw,Gang Of Dark Squares vs Flying Mates
13,8,3,AvocadoPost,1796,FilP,1858,½Z½Z,forfeit/unplayed,"",Flying Mates,Gang Of Dark Squares,3,3,draw,draw,Flying Mates vs Gang Of Dark Squares
13,8,4,Pedropablo72,1693,akselm,1730,01,white,08/22 21:30,Gang Of Dark Squares,Flying Mates,3,3,draw,draw,Gang Of Dark Squares vs Flying Mates
13,8,5,FiveKnights,1762,Brundd,1685,10,white,08/21 18:00,Flying Mates,Gang Of Dark Squares,3,3,draw,draw,Flying Mates vs Gang Of Dark Squares
13,8,6,rliu347,1530,Kalandra,1409,1X0F,forfeit/unplayed,08/24 20:00,Gang Of Dark Squares,Flying Mates,3,3,draw,draw,Gang Of Dark Squares vs Flying Mates
13,8,1,eie24,2092,Lelouch_Vi_Brittania,2157,01,black,08/24 18:00,Castle Long And Prosper,"Don't think twice, it's alright",2,4,loss,win,"Castle Long And Prosper vs Don't think twice, it's alright"
13,8,2,HoudinicisMedicis,2035,deepaks1,2012,10,black,08/25 03:00,"Don't think twice, it's alright",Castle Long And Prosper,4,2,win,loss,"Don't think twice, it's alright vs Castle Long And Prosper"
13,8,3,jitre,1826,AlwxR,1842,01,black,08/26 08:30,Castle Long And Prosper,"Don't think twice, it's alright",2,4,loss,win,"Castle Long And Prosper vs Don't think twice, it's alright"
13,8,4,OutdoorTree,1845,Forhavu,1772,01,white,08/27 00:30,"Don't think twice, it's alright",Castle Long And Prosper,4,2,win,loss,"Don't think twice, it's alright vs Castle Long And Prosper"
13,8,5,lez314,1612,dmavro,1773,10,white,08/22 17:00,Castle Long And Prosper,"Don't think twice, it's alright",2,4,loss,win,"Castle Long And Prosper vs Don't think twice, it's alright"
13,8,6,pepepibote,1445,Litzr,1591,01,white,08/23 17:00,"Don't think twice, it's alright",Castle Long And Prosper,4,2,win,loss,"Don't think twice, it's alright vs Castle Long And Prosper"
13,8,1,MoistvonLipwig,2247,s2004k1993,2121,01,black,08/22 16:30,poisoned chess,Alekhine Think of Is Mate,3,3,draw,draw,poisoned chess vs Alekhine Think of Is Mate
13,8,2,VicPez,1969,IzoRyu,1950,01,white,08/25 14:00,Alekhine Think of Is Mate,poisoned chess,3,3,draw,draw,Alekhine Think of Is Mate vs poisoned chess
13,8,3,TheRatRiverTrapper,1897,GnarlyGoat,1954,½½,draw,08/24 01:00,poisoned chess,Alekhine Think of Is Mate,3,3,draw,draw,poisoned chess vs Alekhine Think of Is Mate
13,8,4,TCGRIF,1786,rampichino,1808,½½,draw,08/22 20:00,Alekhine Think of Is Mate,poisoned chess,3,3,draw,draw,Alekhine Think of Is Mate vs poisoned chess
13,8,5,izzie26,1610,dose7781,1724,10,white,08/22 22:00,poisoned chess,Alekhine Think of Is Mate,3,3,draw,draw,poisoned chess vs Alekhine Think of Is Mate
13,8,6,joecupojoe,1382,Kraaft,1573,10,black,08/26 20:30,Alekhine Think of Is Mate,poisoned chess,3,3,draw,draw,Alekhine Think of Is Mate vs poisoned chess
13,8,1,Aliquantus,2183,LUKARAHTRATGNATBC,2260,01,black,08/26 17:00,pragnananananananana-batman!,With Compensation,3.5,2.5,win,loss,pragnananananananana-batman! vs With Compensation
13,8,2,JonathanCoffin,1924,LostEarthworm,1889,10,black,08/23 15:30,With Compensation,pragnananananananana-batman!,2.5,3.5,loss,win,With Compensation vs pragnananananananana-batman!
13,8,3,chennis,1874,maxivgc,1755,01,black,08/24 21:00,pragnananananananana-batman!,With Compensation,3.5,2.5,win,loss,pragnananananananana-batman! vs With Compensation
13,8,4,MattyB,1737,Anarschi,1743,10,black,08/21 16:00,With Compensation,pragnananananananana-batman!,2.5,3.5,loss,win,With Compensation vs pragnananananananana-batman!
13,8,5,RealRobbert,1703,CarlosMagnussen,1697,10,white,08/25 18:00,pragnananananananana-batman!,With Compensation,3.5,2.5,win,loss,pragnananananananana-batman! vs With Compensation
13,8,6,mixxanber,1684,knassery,1574,½½,draw,08/21 21:00,With Compensation,pragnananananananana-batman!,2.5,3.5,loss,win,With Compensation vs pragnananananananana-batman!
13,8,1,Sonata2,2241,FlokiTheCat,2106,10,white,08/20 20:00,Release the Karjakin,This ain't a scene it is a goddamn pawn race,3,3,draw,draw,Release the Karjakin vs This ain't a scene it is a goddamn pawn race
13,8,2,Goblin_Alchemist,1877,S3pp,1966,10,black,08/26 09:00,This ain't a scene it is a goddamn pawn race,Release the Karjakin,3,3,draw,draw,This ain't a scene it is a goddamn pawn race vs Release the Karjakin
13,8,3,rgpchesspe,1883,wpruitt14,1805,01,black,08/21 02:00,Release the Karjakin,This ain't a scene it is a goddamn pawn race,3,3,draw,draw,Release the Karjakin vs This ain't a scene it is a goddamn pawn race
13,8,4,Namulin,1737,Scarff,1807,01,white,08/26 12:00,This ain't a scene it is a goddamn pawn race,Release the Karjakin,3,3,draw,draw,This ain't a scene it is a goddamn pawn race vs Release the Karjakin
13,8,5,Lukhas,1699,Lalaze,1558,01,black,08/25 12:00,Release the Karjakin,This ain't a scene it is a goddamn pawn race,3,3,draw,draw,Release the Karjakin vs This ain't a scene it is a goddamn pawn race
13,8,6,HighonPotnuse,1539,Donkey-Kong16,1380,10,black,08/26 20:00,This ain't a scene it is a goddamn pawn race,Release the Karjakin,3,3,draw,draw,This ain't a scene it is a goddamn pawn race vs Release the Karjakin
13,8,1,ErinYu,2283,KFerapont,2057,10,white,08/26 14:00,Baked-a-Lasker,Bend it like Larsen,4.5,1.5,win,loss,Baked-a-Lasker vs Bend it like Larsen
13,8,2,WhiteD4ath,2021,paolone,1977,½½,draw,08/26 18:30,Bend it like Larsen,Baked-a-Lasker,1.5,4.5,loss,win,Bend it like Larsen vs Baked-a-Lasker
13,8,3,avas_goridze,1941,dinomoomoo,1867,01,black,08/23 17:00,Baked-a-Lasker,Bend it like Larsen,4.5,1.5,win,loss,Baked-a-Lasker vs Bend it like Larsen
13,8,4,val1313,1826,Wolf21,1844,10,black,08/22 15:30,Bend it like Larsen,Baked-a-Lasker,1.5,4.5,loss,win,Bend it like Larsen vs Baked-a-Lasker
13,8,5,colwem,1674,Drotciv,1568,10,white,08/24 15:00,Baked-a-Lasker,Bend it like Larsen,4.5,1.5,win,loss,Baked-a-Lasker vs Bend it like Larsen
13,8,6,markoni99,1528,nategreene,1619,10,black,08/24 14:00,Bend it like Larsen,Baked-a-Lasker,1.5,4.5,loss,win,Bend it like Larsen vs Baked-a-Lasker
13,8,1,Pushedpawn,2009,vgd123,2115,½Z½Z,forfeit/unplayed,"",Yas-Sir,Kings and Queens and Guillotines,3,3,draw,draw,Yas-Sir vs Kings and Queens and Guillotines
13,8,2,krispl,1934,steili,1898,½½,draw,08/23 18:00,Kings and Queens and Guillotines,Yas-Sir,3,3,draw,draw,Kings and Queens and Guillotines vs Yas-Sir
13,8,3,Juke_3,1872,Vloxy,1761,10,white,08/26 06:00,Yas-Sir,Kings and Queens and Guillotines,3,3,draw,draw,Yas-Sir vs Kings and Queens and Guillotines
13,8,4,mekumcu,1655,rma2002,1742,01,white,08/21 01:30,Kings and Queens and Guillotines,Yas-Sir,3,3,draw,draw,Kings and Queens and Guillotines vs Yas-Sir
13,8,5,Luci_Bunny,1723,pauix,1641,10,white,08/26 14:00,Yas-Sir,Kings and Queens and Guillotines,3,3,draw,draw,Yas-Sir vs Kings and Queens and Guillotines
13,8,6,benlonnqvist,1588,Ionsaitheoir,1391,0F1X,forfeit/unplayed,08/24 15:00,Kings and Queens and Guillotines,Yas-Sir,3,3,draw,draw,Kings and Queens and Guillotines vs Yas-Sir
13,8,1,Ryune,2071,swagquark,2106,01,black,08/22 19:00,"To be, or not b2",Mommy Drinks because you play the Dutch,4,2,win,loss,"To be, or not b2 vs Mommy Drinks because you play the Dutch"
13,8,2,pioki,1907,ChessPatzerSwan,1959,01,white,08/23 20:00,Mommy Drinks because you play the Dutch,"To be, or not b2",2,4,loss,win,"Mommy Drinks because you play the Dutch vs To be, or not b2"
13,8,3,Veryance,1869,phild159,1866,1X0F,forfeit/unplayed,08/27 04:00,"To be, or not b2",Mommy Drinks because you play the Dutch,4,2,win,loss,"To be, or not b2 vs Mommy Drinks because you play the Dutch"
13,8,4,shetoo,1764,chesspibito,1688,10,black,08/23 17:30,Mommy Drinks because you play the Dutch,"To be, or not b2",2,4,loss,win,"Mommy Drinks because you play the Dutch vs To be, or not b2"
13,8,5,Napoleon_Solo,1717,gokuba,1669,10,white,08/26 12:00,"To be, or not b2",Mommy Drinks because you play the Dutch,4,2,win,loss,"To be, or not b2 vs Mommy Drinks because you play the Dutch"
13,8,6,Acer30,1351,perdhapley,1583,10,black,08/26 15:00,Mommy Drinks because you play the Dutch,"To be, or not b2",2,4,loss,win,"Mommy Drinks because you play the Dutch vs To be, or not b2"
13,8,1,rosagris,2051,lovlas,2478,01,black,08/25 13:00,Pawn Stars,Schrödinger's Sacrifice,1,5,loss,win,Pawn Stars vs Schrödinger's Sacrifice
13,8,2,RazorSharpOnly,1937,atil4,1884,01,white,08/23 21:30,Schrödinger's Sacrifice,Pawn Stars,5,1,win,loss,Schrödinger's Sacrifice vs Pawn Stars
13,8,3,EmptySet2,1846,jg777,1884,01,black,08/21 23:00,Pawn Stars,Schrödinger's Sacrifice,1,5,loss,win,Pawn Stars vs Schrödinger's Sacrifice
13,8,4,Delpire,1682,Ben_Dubuque,1744,01,white,08/24 20:00,Schrödinger's Sacrifice,Pawn Stars,5,1,win,loss,Schrödinger's Sacrifice vs Pawn Stars
13,8,5,greenkingwashere,1573,oddskill,1680,0F1X,forfeit/unplayed,08/26 15:00,Pawn Stars,Schrödinger's Sacrifice,1,5,loss,win,Pawn Stars vs Schrödinger's Sacrifice
13,8,6,Vevochi,932,UpGoerFive,1455,10,black,08/25 17:00,Schrödinger's Sacrifice,Pawn Stars,5,1,win,loss,Schrödinger's Sacrifice vs Pawn Stars
13,8,1,hicetnunc,2090,Jfayne,2259,½½,draw,08/25 18:30,Summer Pawns,Smashing Pawns,5,1,win,loss,Summer Pawns vs Smashing Pawns
13,8,2,PGSankar,1955,Zimny_Toster,1966,1X0F,forfeit/unplayed,"",Smashing Pawns,Summer Pawns,1,5,loss,win,Smashing Pawns vs Summer Pawns
13,8,3,phantom567459,1853,stinsonite,1856,1X0F,forfeit/unplayed,"",Summer Pawns,Smashing Pawns,5,1,win,loss,Summer Pawns vs Smashing Pawns
13,8,4,Lethgo,1765,juped,1769,10,black,08/25 14:00,Smashing Pawns,Summer Pawns,1,5,loss,win,Smashing Pawns vs Summer Pawns
13,8,5,glbert,1730,fismoluni,1706,10,white,08/24 07:00,Summer Pawns,Smashing Pawns,5,1,win,loss,Summer Pawns vs Smashing Pawns
13,8,6,Ceramic,1492,rsava,1385,½½,draw,08/23 19:30,Smashing Pawns,Summer Pawns,1,5,loss,win,Smashing Pawns vs Summer Pawns
13,8,1,BigEvo8,1953,sahkal,2054,01,black,08/24 19:00,Blockaders,Team 16,2.5,2.5,loss,loss,Blockaders vs Team 16
13,8,2,InfernalJumble,1935,lenguyenthanh,1936,10,black,08/26 07:00,Team 16,Blockaders,2.5,2.5,loss,loss,Team 16 vs Blockaders
13,8,3,WO_Schrodinger,1916,nsmiller7,1844,10,white,08/23 20:00,Blockaders,Team 16,2.5,2.5,loss,loss,Blockaders vs Team 16
13,8,4,halloway,1723,Tranzoo,1711,01,white,08/26 17:00,Team 16,Blockaders,2.5,2.5,loss,loss,Team 16 vs Blockaders
13,8,5,RodrigoDiazdeVivar,1688,MilsBees,1668,½½,draw,08/23 15:00,Blockaders,Team 16,2.5,2.5,loss,loss,Blockaders vs Team 16
13,8,6,grantoldham,1563,Boomer34,1560,0F0F,forfeit/unplayed,"",Team 16,Blockaders,2.5,2.5,loss,loss,Team 16 vs Blockaders
13,8,1,mariuseg,2197,mn8,2211,01,black,08/25 19:00,We Are Girl from Egypt,‾\_(ツ)_/‾,3,3,draw,draw,We Are Girl from Egypt vs ‾\_(ツ)_/‾
13,8,2,bufferunderrun,1986,toni4127,1881,10,black,08/25 17:00,‾\_(ツ)_/‾,We Are Girl from Egypt,3,3,draw,draw,‾\_(ツ)_/‾ vs We Are Girl from Egypt
13,8,3,Thylastpenguin,1819,Zher0,1559,10,white,08/26 16:00,We Are Girl from Egypt,‾\_(ツ)_/‾,3,3,draw,draw,We Are Girl from Egypt vs ‾\_(ツ)_/‾
13,8,4,Toffeeman,1733,Dmathman,1728,0F1X,forfeit/unplayed,08/22 00:00,‾\_(ツ)_/‾,We Are Girl from Egypt,3,3,draw,draw,‾\_(ツ)_/‾ vs We Are Girl from Egypt
13,8,5,Tsatsa64,1673,Seb32,1670,10,white,08/23 16:00,We Are Girl from Egypt,‾\_(ツ)_/‾,3,3,draw,draw,We Are Girl from Egypt vs ‾\_(ツ)_/‾
13,8,6,Zher0,1554,rhohit,1542,0F1X,forfeit/unplayed,08/23 18:00,‾\_(ツ)_/‾,We Are Girl from Egypt,3,3,draw,draw,‾\_(ツ)_/‾ vs We Are Girl from Egypt
